publisher,source,source_url,rank,headline,link,collected_at_iso
Aaj Tak,Aaj Tak • India News,https://www.aajtak.in/india/news,1,राइज एंड फॉल,https://www.aajtak.in/topic/rise-and-fall,2026-10-01T16:49:52+00:00
Aaj Tak,Aaj Tak • India News,https://www.aajtak.in/india/news,2,होम लोन कैलकुलेटर,https://www.aajtak.in/business/tools-and-calculators/home-loan-emi-calculator,2026-10-01T16:49:52+00:00
Aaj Tak,Aaj Tak • India News,https://www.aajtak.in/india/news,3,कार लोन कैलकुलेटर,https://www.aajtak.in/business/tools-and-calculators/car-loan-emi-calculator,2026-10-01T16:49:52+00:00
Aaj Tak,Aaj Tak • India News,https://www.aajtak.in/india/news,4,पर्सनल लोन कैलकुलेटर,https://www.aajtak.in/business/tools-and-calculators/personal-loan-emi-calculator,2026-10-01T16:49:52+00:00
Aaj Tak,Aaj Tak • India News,https://www.aajtak.in/india/news,5,इनकम टैक्स कैलकुलेटर,https://www.aajtak.in/business/tools-and-calculators/income-tax-calculator,2026-10-01T16:49:52+00:00
Aaj Tak,Aaj Tak • India News,https://www.aajtak.in/india/news,6,AI की पाठशाला,https://www.aajtak.in/topic/ai-ki-pathshala,2026-10-01T16:49:52+00:00
Aaj Tak,Aaj Tak • India News,https://www.aajtak.in/india/news,7,इतिहास में आज,https://www.aajtak.in/topic/today-in-history,2026-10-01T16:49:52+00:00
Aaj Tak,Aaj Tak • India News,https://www.aajtak.in/india/news,8,जॉब्स एंड करियर,https://www.aajtak.in/education/career,2026-10-01T16:49:52+00:00
Aaj Tak,Aaj Tak • India News,https://www.aajtak.in/india/news,9,"महानदी विवाद पर मंथन, गृह मंत्री के साथ छत्तीसगढ़-ओडिशा CM की बैठक",https://www.aajtak.in/india/news/story/mahanadi-water-dispute-chhattisgarh-odisha-cm-meeting-amit-shah-ntc-drmt-rptc-2658659-2026-10-01,2026-10-01T16:49:52+00:00
Aaj Tak,Aaj Tak • India News,https://www.aajtak.in/india/news,10,दिल्ली में घूरती निगाहें... आधी रात सड़कों पर 4 महिला रिपोर्टर्स ने क्या देखा,https://www.aajtak.in/india/delhi/story/delhi-women-safety-male-gaze-staring-following-harassment-ground-report-ntc-rlch-rpti-2658627-2026-10-01,2026-10-01T16:49:52+00:00
Aaj Tak,Aaj Tak • India News,https://www.aajtak.in/india/news,11,"'वोट चोरी के खिलाफ गुस्सा, फिर भी नाम मिटाने की साजिश', SIR पर राहुल का निशाना",https://www.aajtak.in/india/news/story/rahul-gandhi-accuses-bjp-ec-vote-theft-demands-gyanesh-kumar-ntc-drmt-dskc-2658577-2026-10-01,2026-10-01T16:49:52+00:00
Aaj Tak,Aaj Tak • India News,https://www.aajtak.in/india/news,12,"पैनकार्ड क्लब लिमिटेड केस में ED का बड़ा एक्शन, 646 करोड़ संपत्तियां अटैच",https://www.aajtak.in/crime/news/story/pan-card-club-case-ed-attaches-211-properties-worth-rs-646-crore-pvzs-rpti-2658569-2026-10-01,2026-10-01T16:49:52+00:00
Aaj Tak,Aaj Tak • India News,https://www.aajtak.in/india/news,13,"क्लास के बाहर बुलाया, फिर युवकों ने घेरा... 19 साल के छात्र की चाकू से हत्या",https://www.aajtak.in/crime/news/story/bengaluru-nagarabhavi-19-year-old-bcom-student-yogesh-stabbed-to-death-pvzs-dskc-2658562-2026-10-01,2026-10-01T16:49:52+00:00
Aaj Tak,Aaj Tak • India News,https://www.aajtak.in/india/news,14,रोजाना 3-4 घंटे सफर और लंबा जाम... SIR ड्यूटी से हटना चाहते हैं पूर्व जस्टिस,https://www.aajtak.in/west-bengal/story/former-justice-indrajit-chatterjee-desires-to-resign-sir-duty-long-way-ntc-drmt-rpti-2658516-2026-10-01,2026-10-01T16:49:52+00:00
Aaj Tak,Aaj Tak • India News,https://www.aajtak.in/india/news,15,पढ़ें 01 अक्टूबर 2026 की शाम की बड़ी खबरें और अन्य समाचार,https://www.aajtak.in/india/news/story/aaj-ki-taza-khabar-01-october-2026-evening-top-news-headlines-ntc-dskc-2658521-2026-10-01,2026-10-01T16:49:52+00:00
Aaj Tak,Aaj Tak • India News,https://www.aajtak.in/india/news,16,"फ्लाइट में चाकूबाजी के बाद भारत अलर्ट, देश के 8 एयरपोर्ट्स के लिए बड़ा फैसला",https://www.aajtak.in/india/news/story/moca-to-install-full-body-scanners-8-airports-after-flydubai-pilot-incident-ntc-drmt-rpti-2658484-2026-10-01,2026-10-01T16:49:52+00:00
Aaj Tak,Aaj Tak • India News,https://www.aajtak.in/india/news,17,"तेज रफ्तार Scorpio ने नाबालिग को मारी टक्कर, पुलिस ने पीछा कर 2 को दबोचा",https://www.aajtak.in/india/news/story/assam-nh-36-scorpio-hits-minor-police-chase-two-arrested-lclcn-strc-2658483-2026-10-01,2026-10-01T16:49:52+00:00
Aaj Tak,Aaj Tak • India News,https://www.aajtak.in/india/news,18,"पेंट से भरा ट्रक पलटा तो रंगों से सराबोर हुई सड़क, बाल्टी लेकर भरने लगे लोग- VIDEO",https://www.aajtak.in/uttar-pradesh/story/ghaziabad-tigri-gol-chakkar-paint-truck-overturned-road-viral-video-lclcn-strc-2658671-2026-10-01,2026-10-01T16:49:52+00:00
Aaj Tak,Aaj Tak • India News,https://www.aajtak.in/india/news,19,"यूपी पुलिस सिपाही भर्ती के फिजिकल टेस्ट में बड़ा बदलाव, जानें नई तारीख और बदले परीक्षा केंद्र",https://www.aajtak.in/education/news/story/up-police-constable-physical-test-new-date-exam-centre-change-lclar-strc-2658669-2026-10-01,2026-10-01T16:49:52+00:00
Aaj Tak,Aaj Tak • India News,https://www.aajtak.in/india/news,20,"'सेना की वर्दी में आए आतंकवादी', निम्रत कौर ने बयां किया खौफनाक मंजर, शहीद पिता को किया याद",https://www.aajtak.in/entertainment/bollywood-news/story/nimrat-kaur-remembering-her-martyred-father-major-bhupender-singh-terrorists-dressed-army-uniforms-tmovg-dskc-2658666-2026-10-01,2026-10-01T16:49:52+00:00
Aaj Tak,Aaj Tak • India News,https://www.aajtak.in/india/news,21,"Pitru Paksha 2026: इन 5 लोगों को नहीं देना चाहिए श्राद्ध का भोजन, रुक जाएगी पितरों की कृपा",https://www.aajtak.in/religion/news/story/pitru-paksha-2026-date-five-people-should-never-be-given-shradh-food-or-prasad-tvisu-dskc-2651195-2026-10-01,2026-10-01T16:49:52+00:00
Aaj Tak,Aaj Tak • India News,https://www.aajtak.in/india/news,22,Sahitya Aaj Tak,https://www.aajtak.in/sahitya-aajtak/2024,2026-10-01T16:49:52+00:00
Aaj Tak,Aaj Tak • India News,https://www.aajtak.in/india/news,23,New Delhi Choghadiya,https://www.aajtak.in/astrology/choghadiya/delhi/new-delhi-choghadiya-today,2026-10-01T16:49:52+00:00
Aaj Tak,Aaj Tak • India News,https://www.aajtak.in/india/news,24,Shri Krishna Chalisa,https://www.aajtak.in/religion/chalisa/shri-krishna-chalisa-2450443,2026-10-01T16:49:52+00:00
Aaj Tak,Aaj Tak • India News,https://www.aajtak.in/india/news,25,Shri Krishna Aarti,https://www.aajtak.in/religion/aarti/shri-krishna-aarti-2450462,2026-10-01T16:49:52+00:00
Aaj Tak,Aaj Tak • India News,https://www.aajtak.in/india/news,26,Maa Gauri Chalisa,https://www.aajtak.in/religion/chalisa/maa-gauri-chalisa-2577106,2026-10-01T16:49:52+00:00
Aaj Tak,Aaj Tak • India News,https://www.aajtak.in/india/news,27,Maa Gauri Aarti,https://www.aajtak.in/religion/aarti/maa-gauri-aarti-2577140,2026-10-01T16:49:52+00:00
Aaj Tak,Aaj Tak • India News,https://www.aajtak.in/india/news,28,Shri Ganga Chalisa,https://www.aajtak.in/religion/chalisa/shri-ganga-chalisa-2450469,2026-10-01T16:49:52+00:00
Aaj Tak,Aaj Tak • India News,https://www.aajtak.in/india/news,29,Shri Ganga Aarti,https://www.aajtak.in/religion/aarti/shri-ganga-aarti-2450477,2026-10-01T16:49:52+00:00
Aaj Tak,Aaj Tak • India News,https://www.aajtak.in/india/news,30,Kalaratri Mata Ki Aarti,https://www.aajtak.in/religion/aarti/kalaratri-mata-ki-aarti-2502311,2026-10-01T16:49:52+00:00
Aaj Tak,Aaj Tak • India News,https://www.aajtak.in/india/news,31,Maa Chandraghanta Aarti,https://www.aajtak.in/religion/vrat-katha/chandraghanta-mata-aarti-2501340,2026-10-01T16:49:52+00:00
Aaj Tak,Aaj Tak • India News,https://www.aajtak.in/india/news,32,Maa Brahmacharini Aarti,https://www.aajtak.in/religion/aarti/brahmacharini-ji-ki-aarti-2501272,2026-10-01T16:49:52+00:00
Aaj Tak,Aaj Tak • India News,https://www.aajtak.in/india/news,33,Maa Brahmacharini Vrat Katha,https://www.aajtak.in/religion/vrat-katha/brahmacharini-vrat-katha-2501263,2026-10-01T16:49:52+00:00
Aaj Tak,Aaj Tak • India News,https://www.aajtak.in/india/news,34,Shailaputri Vrat Katha,https://www.aajtak.in/religion/vrat-katha/shailaputri-vrat-katha-2501227,2026-10-01T16:49:52+00:00
Aaj Tak,Aaj Tak • India News,https://www.aajtak.in/india/news,35,Live Cricket Score,https://www.aajtak.in/live-score,2026-10-01T16:49:52+00:00
Aaj Tak,Aaj Tak • India News,https://www.aajtak.in/india/news,36,8th Pay Commission,https://www.aajtak.in/topic/8th-pay-comission,2026-10-01T16:49:52+00:00
Aaj Tak,Aaj Tak • India News,https://www.aajtak.in/india/news,37,Aajtak rssfeed home,https://www.aajtak.in/rssfeeds/,2026-10-01T16:49:52+00:00
Live Hindustan,Live Hindustan • National,https://www.livehindustan.com/national/news,1,पंडित जी से चैट,https://www.livehindustan.com/astro,2026-10-01T16:49:52+00:00
Live Hindustan,Live Hindustan • National,https://www.livehindustan.com/national/news,2,काम की बात,https://www.livehindustan.com/tags/kaam-ki-baat,2026-10-01T16:49:52+00:00
Live Hindustan,Live Hindustan • National,https://www.livehindustan.com/national/news,3,"भाजपा इस बार जाएगी, 2029 तक इंतजार की जरूरत नहीं, खेल शुरू: ममता बनर्जी",https://www.livehindustan.com/national/mamata-banerjee-says-bjp-will-have-to-go-this-time-no-need-to-wait-till-2029-game-has-begun-201790873200631.html,2026-10-01T16:49:52+00:00
Live Hindustan,Live Hindustan • National,https://www.livehindustan.com/national/news,4,"इस्तीफे की मांग के बीच ज्ञानेश कुमार की मुश्किलें बढ़ीं, खुल गई 20 साल पुरानी फाइल",https://www.livehindustan.com/national/gyanesh-kumar-problem-increased-file-of-20-year-old-of-suicide-case-re-opens-in-kerala-amid-resignation-demand-201790870803519.html,2026-10-01T16:49:52+00:00
Live Hindustan,Live Hindustan • National,https://www.livehindustan.com/national/news,5,"प्लेन में घायल भारतीय पायलट स्मित मच्छार की अब कैसी है सेहत, सरकार ने दिया अपडेट",https://www.livehindustan.com/national/health-condition-of-captain-smit-machchhar-who-injured-in-flydubai-flight-201790872060532.html,2026-10-01T16:49:52+00:00
Live Hindustan,Live Hindustan • National,https://www.livehindustan.com/national/news,6,"महाराष्ट्र में जमीन-जायदाद खरीदने वालों के लिए बड़ी खबर, अब बिना Aadhaar नहीं होगा रजिस्ट्रेशन",https://www.livehindustan.com/national/big-news-for-real-estate-buyers-in-maharashtra-registration-will-not-possible-without-aadhaar-201790870432078.html,2026-10-01T16:49:52+00:00
Live Hindustan,Live Hindustan • National,https://www.livehindustan.com/national/news,7,"INDIA गठबंधन में शामिल होना चाहता है TMC का बागी गुट, लेकिन ममता बनर्जी पर रख दी एक शर्त",https://www.livehindustan.com/national/mamata-banerjee-india-alliance-ritabrata-banerjee-party-west-bengal-nandigram-assembly-gyanesh-kumar-201790869317389.html,2026-10-01T16:49:52+00:00
Live Hindustan,Live Hindustan • National,https://www.livehindustan.com/national/news,8,"आप चपरासी हों या चीफ सेक्रेटरी, हमें मतलब नहीं... SC ने पूर्व जज को ही दे दिया करारा झटका",https://www.livehindustan.com/national/either-you-are-peon-or-even-principal-secretary-does-not-make-a-difference-sc-turns-down-former-district-judge-plea-201790868389864.html,2026-10-01T16:49:52+00:00
Live Hindustan,Live Hindustan • National,https://www.livehindustan.com/national/news,9,"सुपरसोनिक जैसी रफ्तार से डुबकी, जबरदस्त दबाव और फिर भी सलामत, जानें Boeing 737 की खासियत",https://www.livehindustan.com/national/supersonic-speed-dives-immense-pressure-know-features-of-flydubai-boeing-737-201790864825936.html,2026-10-01T16:49:52+00:00
Live Hindustan,Live Hindustan • National,https://www.livehindustan.com/national/news,10,"'शिवाजी का अपमान', कॉकरोच प्रदर्शन से पहले नितेश राणे का दीपके पर निशाना, उमर खालिद का जिक्र",https://www.livehindustan.com/national/nitesh-rane-abhijeet-dipke-cockroach-protest-in-mumbai-umar-khalid-insult-chhatrapati-shivaji-201790861255539.html,2026-10-01T16:49:52+00:00
Live Hindustan,Live Hindustan • National,https://www.livehindustan.com/national/news,11,"महाराष्ट्र में बड़ा हादसा, रायगढ़ बीच पर समंदर की लहरों में समा गए 8 छात्र; पुणे से गए थे घूमने",https://www.livehindustan.com/national/8-students-drown-during-pune-coaching-class-trip-to-raigad-beach-7-bodies-found-201790863964527.html,2026-10-01T16:49:52+00:00
Live Hindustan,Live Hindustan • National,https://www.livehindustan.com/national/news,12,"SIR के बाद ओडिशा CEO ने मांगा VRS, त्योहार से पहले चीनी पर सरकार सख्त; टॉप-5",https://www.livehindustan.com/national/top-5-news-today-odisha-ceo-seeks-vrs-after-sir-government-gets-tough-on-sugar-ahead-of-festive-season-201790860036139.html,2026-10-01T16:49:52+00:00
Live Hindustan,Live Hindustan • National,https://www.livehindustan.com/national/news,13,"पति की वैकेंसी…महिला ने Google Form से मांगे आवेदन, मिले 240 से ज्यादा ‘रिश्ते’",https://www.livehindustan.com/viral-news/36-year-old-woman-created-google-form-to-find-husband-and-received-over-240-applications-201790857538986.html,2026-10-01T16:49:52+00:00
Live Hindustan,Live Hindustan • National,https://www.livehindustan.com/national/news,14,"सेल्फी नहीं, स्किल्स पर दो जोर…स्मित मच्छर का पुराना वीडियो आपको देखना चाहिए",https://www.livehindustan.com/national/focus-on-skills-not-selfies-old-video-of-flydubai-captain-smit-machhar-goes-viral-201790792226665.html,2026-10-01T16:49:52+00:00
Live Hindustan,Live Hindustan • National,https://www.livehindustan.com/national/news,15,मां हाउसवाइफ है या… तो बच्चे का एडमिशन मुश्किल! बेंगलुरु के स्कूलों पर उठे सवाल,https://www.livehindustan.com/national/new-controversy-over-school-admissions-in-bengaluru-questions-raised-regarding-children-of-working-mothers-201790789784040.html,2026-10-01T16:49:52+00:00
Live Hindustan,Live Hindustan • National,https://www.livehindustan.com/national/news,16,दम है तो आ जाओ; दिल्ली में क्यों हथौड़ा लेकर सड़क पर निकल गए भाजपा के विधायक,https://www.livehindustan.com/ncr/delhi-tilak-nagar-road-construction-bjp-mla-ravinder-singh-negi-went-out-with-hammer-201790762026202.html,2026-10-01T16:49:52+00:00
Live Hindustan,Live Hindustan • National,https://www.livehindustan.com/national/news,17,छात्रवृत्ति आवेदन में गलत जानकारी दी तो नहीं मिलेगा लाभ,https://www.livehindustan.com/national/story-mandatory-one-time-registration-for-scholarship-applications-in-jaunpur-201790872949002.html,2026-10-01T16:49:52+00:00
Live Hindustan,Live Hindustan • National,https://www.livehindustan.com/national/news,18,"बनारस-खजुराहो वंदे भारत पर खुरहंड स्टेशन के पास पथराव, खिड़की का शीशा टूटा",https://www.livehindustan.com/national/story-stone-pelting-incident-on-vande-bharat-train-minor-arrested-201790872946769.html,2026-10-01T16:49:52+00:00
Live Hindustan,Live Hindustan • National,https://www.livehindustan.com/national/news,19,"सड़क के नीचे उतरा ट्रक, हादसा टला",https://www.livehindustan.com/national/story-truck-accident-averted-in-syalde-driver-safe-after-vehicle-falls-near-cliff-201790872928450.html,2026-10-01T16:49:52+00:00
Live Hindustan,Live Hindustan • National,https://www.livehindustan.com/national/news,20,जांच कमेटी को भंग किए जाने पर भड़के छात्र छत पर चढ़े,https://www.livehindustan.com/national/story-almora-campus-vice-president-election-controversy-escalates-201790872881650.html,2026-10-01T16:49:52+00:00
Live Hindustan,Live Hindustan • National,https://www.livehindustan.com/national/news,21,"10 ग्राम ब्राउन शुगर के साथ दो तस्कर गिरफ्तार, बाइक व मोबाइल जब्त",https://www.livehindustan.com/national/story-joint-operation-of-ssb-and-bihar-police-arrests-drug-traffickers-at-india-nepal-border-201790872878955.html,2026-10-01T16:49:52+00:00
Live Hindustan,Live Hindustan • National,https://www.livehindustan.com/national/news,22,बीएसएनएल कर्मियों ने किया प्रदर्शन,https://www.livehindustan.com/national/story-bsnl-establishment-day-protest-in-darbhanga-demand-for-third-prc-201790872873741.html,2026-10-01T16:49:52+00:00
Live Hindustan,Live Hindustan • National,https://www.livehindustan.com/national/news,23,तीन दिन के भीतर अनफिट वाहन ठीक कराने का निर्देश,https://www.livehindustan.com/national/story-meeting-held-to-ensure-school-vehicle-safety-in-jaunpur-201790872861516.html,2026-10-01T16:49:52+00:00
Live Hindustan,Live Hindustan • National,https://www.livehindustan.com/national/news,24,"पल-पल बदले सुर, फिर एनएसयूआई में जाने का ऐलान",https://www.livehindustan.com/national/story-independent-win-for-vinita-singh-in-student-union-elections-sparks-controversy-201790872858938.html,2026-10-01T16:49:52+00:00
Live Hindustan,Live Hindustan • National,https://www.livehindustan.com/national/news,25,एकाढ़ा मध्य विद्यालय परिसर में गंदगी देख भड़के बीईओ,https://www.livehindustan.com/national/story-beio-inspects-school-issues-warning-over-cleanliness-and-attendance-issues-201790872828854.html,2026-10-01T16:49:52+00:00
Live Hindustan,Live Hindustan • National,https://www.livehindustan.com/national/news,26,जवाहर नवोदय विद्यालय में कक्षा 9 एवं 11 वीं में प्रवेश के लिए 15 अक्टूबर तक आवेदन,https://www.livehindustan.com/national/story-jawahar-navodaya-vidyalaya-2027-28-admissions-online-registration-extended-to-october-15-201790867057636.html,2026-10-01T16:49:52+00:00
Live Hindustan,Live Hindustan • National,https://www.livehindustan.com/national/news,27,Almora News: दिनेश बने भाजयुमो प्रदेश कार्यसमिति के सदस्य,https://www.livehindustan.com/uttarakhand/almora/story-dinesh-rawat-appointed-as-member-of-bjp-youth-wing-state-committee-in-kalyanpur-201790872951627.html,2026-10-01T16:49:52+00:00
Live Hindustan,Live Hindustan • National,https://www.livehindustan.com/national/news,28,Auraiya News: पाता चौकी क्षेत्र में मिले शव की हुई पहचान,https://www.livehindustan.com/uttar-pradesh/auraiya/story-tragic-death-of-34-year-old-sudesh-kushwaha-identified-in-dibiapur-201790872934001.html,2026-10-01T16:49:52+00:00
Live Hindustan,Live Hindustan • National,https://www.livehindustan.com/national/news,29,"Auraiya News: समय से पूरे कराएं निर्माण कार्य, गुणवत्ता से समझौता नहीं",https://www.livehindustan.com/uttar-pradesh/auraiya/story-district-review-meeting-on-welfare-schemes-and-development-projects-201790872930833.html,2026-10-01T16:49:52+00:00
Live Hindustan,Live Hindustan • National,https://www.livehindustan.com/national/news,30,IND vs SL Live score,https://www.livehindustan.com/cricket/india-vs-sri-lanka-asian-games-2026-cricket-semifinal-live-score-updates-ind-vs-sl-match-live-for-gold-medal-match-live-blog-201790823135486.html,2026-10-01T16:49:52+00:00
Live Hindustan,Live Hindustan • National,https://www.livehindustan.com/national/news,31,1st Oct Rule change,https://www.livehindustan.com/business/9-rules-changed-from-october-1-including-lpg-da-fd-npf-and-free-bus-travel-201790820884862.html,2026-10-01T16:49:52+00:00
Live Hindustan,Live Hindustan • National,https://www.livehindustan.com/national/news,32,Blue Drum Case,https://www.livehindustan.com/uttar-pradesh/blue-drum-case-muskan-and-sahil-break-down-in-tears-after-being-convicted-and-they-dont-eat-dinner-201790820705158.html,2026-10-01T16:49:52+00:00
Live Hindustan,Live Hindustan • National,https://www.livehindustan.com/national/news,33,ICC ODI World Cup schedule,https://www.livehindustan.com/cricket/icc-odi-world-cup-schedule-to-be-announced-today-find-out-when-where-and-how-to-watch-live-team-india-schedule-201790830173351.html,2026-10-01T16:49:52+00:00
Live Hindustan,Live Hindustan • National,https://www.livehindustan.com/national/news,34,काम की बात,https://www.livehindustan.com/national/swatantra-bhardwaj-fled-to-up-as-fir-lodged-under-pocso-how-did-he-dodge-police-201788576555176.html,2026-10-01T16:49:52+00:00
Live Hindustan,Live Hindustan • National,https://www.livehindustan.com/national/news,35,UP Vidhan Sabha Chunav,https://www.livehindustan.com/assembly-elections/up-election,2026-10-01T16:49:52+00:00
Live Hindustan,Live Hindustan • National,https://www.livehindustan.com/national/news,36,UP Vidhan Sabha Seat,https://www.livehindustan.com/assembly-elections/up-election/constituency,2026-10-01T16:49:52+00:00
Live Hindustan,Live Hindustan • National,https://www.livehindustan.com/national/news,37,UP chunav Candidate,https://www.livehindustan.com/assembly-elections/up-election/candidates,2026-10-01T16:49:52+00:00
Live Hindustan,Live Hindustan • National,https://www.livehindustan.com/national/news,38,UP Chunav News,https://www.livehindustan.com/tags/up-election,2026-10-01T16:49:52+00:00
Live Hindustan,Live Hindustan • National,https://www.livehindustan.com/national/news,39,Himachal Pradesh News,https://www.livehindustan.com/himachal-pradesh/news,2026-10-01T16:49:52+00:00
Live Hindustan,Live Hindustan • National,https://www.livehindustan.com/national/news,40,Aaj ka rashifal,https://www.livehindustan.com/astrology/rashifal,2026-10-01T16:49:52+00:00
Live Hindustan,Live Hindustan • National,https://www.livehindustan.com/national/news,41,Aaj ka Panchang,https://www.livehindustan.com/astrology/shubh-panchang,2026-10-01T16:49:52+00:00
Live Hindustan,Live Hindustan • National,https://www.livehindustan.com/national/news,42,ग्रह गोचर 2026,https://www.livehindustan.com/astrology/hindu-calendar/2026/planet-transits,2026-10-01T16:49:52+00:00
Live Hindustan,Live Hindustan • National,https://www.livehindustan.com/national/news,43,Home Loan EMI Calculator,https://www.livehindustan.com/business/calculator/home-loan-emi-calculator,2026-10-01T16:49:52+00:00
Live Hindustan,Live Hindustan • National,https://www.livehindustan.com/national/news,44,Car Loan EMI Calculator,https://www.livehindustan.com/business/calculator/car-loan-emi-calculator,2026-10-01T16:49:52+00:00
Live Hindustan,Live Hindustan • National,https://www.livehindustan.com/national/news,45,Live Cricket Score,https://www.livehindustan.com/cricket/live-score,2026-10-01T16:49:52+00:00
Live Hindustan,Live Hindustan • National,https://www.livehindustan.com/national/news,46,Women T20 World Cup 2026,https://www.livehindustan.com/cricket/womens-t20-world-cup,2026-10-01T16:49:52+00:00
Live Hindustan,Live Hindustan • National,https://www.livehindustan.com/national/news,47,Women T20 World Cup 2026 Schedule,https://www.livehindustan.com/cricket/womens-t20-world-cup/schedule,2026-10-01T16:49:52+00:00
Live Hindustan,Live Hindustan • National,https://www.livehindustan.com/national/news,48,Women T20 World Cup 2026 Points Table,https://www.livehindustan.com/cricket/womens-t20-world-cup/points-table,2026-10-01T16:49:52+00:00
Live Hindustan,Live Hindustan • National,https://www.livehindustan.com/national/news,49,Women T20 World Cup 2026 Stats,https://www.livehindustan.com/cricket/womens-t20-world-cup/stats,2026-10-01T16:49:52+00:00
Live Hindustan,Live Hindustan • National,https://www.livehindustan.com/national/news,50,दिल्ली प्रीमियर लीग 2026,https://www.livehindustan.com/cricket/delhi-premier-league,2026-10-01T16:49:52+00:00
Live Hindustan,Live Hindustan • National,https://www.livehindustan.com/national/news,51,DPL 2026 पॉइंट्स टेबल,https://www.livehindustan.com/cricket/delhi-premier-league/points-table,2026-10-01T16:49:52+00:00
Live Hindustan,Live Hindustan • National,https://www.livehindustan.com/national/news,52,हमारे बारे में,https://www.livehindustan.com/about-us,2026-10-01T16:49:52+00:00
Live Hindustan,Live Hindustan • National,https://www.livehindustan.com/national/news,53,Code Of Ethics,https://www.livehindustan.com/dnpa-code-of-ethics-for-digital-news-websites/,2026-10-01T16:49:52+00:00
Navbharat Times,Navbharat Times • Headlines,https://navbharattimes.indiatimes.com/headlines.cms,1,ICC ने बदले क्रिकेट के कई नियम,https://navbharattimes.indiatimes.com/articleshow/134619115.cms,2026-10-01T16:49:52+00:00
Navbharat Times,Navbharat Times • Headlines,https://navbharattimes.indiatimes.com/headlines.cms,2,LPG सिलेंडर महंगा,https://navbharattimes.indiatimes.com/articleshow/134605690.cms,2026-10-01T16:49:52+00:00
Navbharat Times,Navbharat Times • Headlines,https://navbharattimes.indiatimes.com/headlines.cms,3,कैप्टन स्मित मच्छार,https://navbharattimes.indiatimes.com/articleshow/134605808.cms,2026-10-01T16:49:52+00:00
Navbharat Times,Navbharat Times • Headlines,https://navbharattimes.indiatimes.com/headlines.cms,4,हलाल गुड़ का विवाद,https://navbharattimes.indiatimes.com/articleshow/134610674.cms,2026-10-01T16:49:52+00:00
Navbharat Times,Navbharat Times • Headlines,https://navbharattimes.indiatimes.com/headlines.cms,5,"Bigg Boss 20 Live: मेंढक की तरह कूदते दिखे काजी, यंग के पैर पर लगाया वैक्स, गुल्लू ने बनाया नया रिकॉर्ड",https://navbharattimes.indiatimes.com/articleshow/134622726.cms,2026-10-01T16:49:52+00:00
Navbharat Times,Navbharat Times • Headlines,https://navbharattimes.indiatimes.com/headlines.cms,6,मुख्यमंत्री भगवंत सिंह मान ने पंजाब की महिलाओं के खातों में एक बार फिर डाली सम्मान राशि,https://navbharattimes.indiatimes.com/articleshow/134623607.cms,2026-10-01T16:49:52+00:00
Navbharat Times,Navbharat Times • Headlines,https://navbharattimes.indiatimes.com/headlines.cms,7,"MP के पूर्व सीएम कमलनाथ के पिता की जमीन को फर्जी वसीयत से हड़पने का प्रयास, SP केके बिश्नोई का बड़ा एक्शन",https://navbharattimes.indiatimes.com/articleshow/134623668.cms,2026-10-01T16:49:52+00:00
Navbharat Times,Navbharat Times • Headlines,https://navbharattimes.indiatimes.com/headlines.cms,8,"पिछले 10 साल में संसद में जलवायु से जुड़े केवल 3% सवाल पूछे गए, सामने आई ये रिपोर्ट",https://navbharattimes.indiatimes.com/articleshow/134623047.cms,2026-10-01T16:49:52+00:00
Navbharat Times,Navbharat Times • Headlines,https://navbharattimes.indiatimes.com/headlines.cms,9,"सुभाष चंद्र बोस ने संस्कृत में दी थी सिविल सेवा परीक्षा, यूपीएससी के शताब्दी समारोह में बोले पीएम मोदी",https://navbharattimes.indiatimes.com/articleshow/134623447.cms,2026-10-01T16:49:52+00:00
Navbharat Times,Navbharat Times • Headlines,https://navbharattimes.indiatimes.com/headlines.cms,10,"भदोही जिला अस्पताल के गेट पर प्रसूता ने दिया बच्चे को जन्म, इमरजेंसी डॉक्टर बर्खास्त, CMS पर भी कार्रवाई",https://navbharattimes.indiatimes.com/articleshow/134622195.cms,2026-10-01T16:49:52+00:00
Navbharat Times,Navbharat Times • Headlines,https://navbharattimes.indiatimes.com/headlines.cms,11,"UP MLC चुनाव में INDIA गठबंधन में दरार, वाराणसी में सपा के खिलाफ कांग्रेस ने उतारे प्रत्याशी, 2027 से पहले बढ़ी तकरार",https://navbharattimes.indiatimes.com/articleshow/134622971.cms,2026-10-01T16:49:52+00:00
Navbharat Times,Navbharat Times • Headlines,https://navbharattimes.indiatimes.com/headlines.cms,12,"flydubai के ओमानी को-पायलट का हुआ था ब्रेनवॉश? नेतन्याहू का बड़ा दावा, बताया- कॉकपिट में कैसे घुसा",https://navbharattimes.indiatimes.com/articleshow/134622798.cms,2026-10-01T16:49:52+00:00
Navbharat Times,Navbharat Times • Headlines,https://navbharattimes.indiatimes.com/headlines.cms,13,"महानदी जल विवाद पर दिल्ली में बड़ा मोड़, 8 साल से अटकी लड़ाई सुलझाने की राह खुली, अब CWC के फैसले पर नजर",https://navbharattimes.indiatimes.com/articleshow/134623074.cms,2026-10-01T16:49:52+00:00
Navbharat Times,Navbharat Times • Headlines,https://navbharattimes.indiatimes.com/headlines.cms,14,जमीन घोटाला में चार्ज फ्रेम होने के बाद अब क्या होगा CM हेमंत सोरेन का? जानिए JMM प्रमुख के पास क्या रास्ते,https://navbharattimes.indiatimes.com/articleshow/134622148.cms,2026-10-01T16:49:52+00:00
Navbharat Times,Navbharat Times • Headlines,https://navbharattimes.indiatimes.com/headlines.cms,15,"महानदी जल विवाद सुलझाने की पहल तेज, अमित शाह की अध्यक्षता में छत्तीसगढ़-ओडिशा सीएम की हुई अहम बैठक",https://navbharattimes.indiatimes.com/articleshow/134623470.cms,2026-10-01T16:49:52+00:00
Navbharat Times,Navbharat Times • Headlines,https://navbharattimes.indiatimes.com/headlines.cms,16,"PM आवास योजना की लिस्ट से 700-800 नाम गायब, ग्रामीणों का आरोप- पक्के मकान वालों को जगह, गरीबों के हटाए नाम",https://navbharattimes.indiatimes.com/articleshow/134623469.cms,2026-10-01T16:49:52+00:00
Navbharat Times,Navbharat Times • Headlines,https://navbharattimes.indiatimes.com/headlines.cms,17,"India World Cup 2027 Schedule: 10 अक्टूबर को पाकिस्तान से टक्कर, 7 नवंबर को भी मुकाबला हो सकता है, भारत का वनडे विश्व कप शेड्यूल नोट कर लीजिए",https://navbharattimes.indiatimes.com/articleshow/134621635.cms,2026-10-01T16:49:52+00:00
Navbharat Times,Navbharat Times • Headlines,https://navbharattimes.indiatimes.com/headlines.cms,18,"नर्मदा के बीच नाव में लगी भीषण आग, 6 यात्रियों की जान पर बनी आफत; नाविकों ने ऐसे बचाया",https://navbharattimes.indiatimes.com/articleshow/134623466.cms,2026-10-01T16:49:52+00:00
Navbharat Times,Navbharat Times • Headlines,https://navbharattimes.indiatimes.com/headlines.cms,19,"World Cup 2027 Schedule: 2 अक्टूबर से होगी वनडे विश्व कप 2027 की शुरुआत, 14 टीमों के बीच 57 मैच, आईसीसी ने शेड्यूल घोषित किया",https://navbharattimes.indiatimes.com/articleshow/134621498.cms,2026-10-01T16:49:52+00:00
Navbharat Times,Navbharat Times • Headlines,https://navbharattimes.indiatimes.com/headlines.cms,20,"छठ महापर्व 2026: औरंगाबाद देव सूर्यकुंड परिसर में तैयारी शुरू, DM ने विकास कार्यों के लिए अधिकारियों को किया तैनात",https://navbharattimes.indiatimes.com/articleshow/134623488.cms,2026-10-01T16:49:52+00:00
Navbharat Times,Navbharat Times • Headlines,https://navbharattimes.indiatimes.com/headlines.cms,21,"इजरायल नहीं भूल पाएगा स्मित मच्छार की बहादुरी, सुदर्शन पटनायक ने पुरी के बीच पर फ्लाईदुबई के नायक को किया सैल्यूट",https://navbharattimes.indiatimes.com/articleshow/134623041.cms,2026-10-01T16:49:52+00:00
Navbharat Times,Navbharat Times • Headlines,https://navbharattimes.indiatimes.com/headlines.cms,22,"आजमगढ़ शंभूपुर कांड: पुजारियों के परिवार की मदद के लिए आगे आई योगी सरकार, कर दिया बड़ी आर्थिक मदद का ऐलान",https://navbharattimes.indiatimes.com/articleshow/134622808.cms,2026-10-01T16:49:52+00:00
Navbharat Times,Navbharat Times • Headlines,https://navbharattimes.indiatimes.com/headlines.cms,23,"दिल्ली में PM मोदी से मिले CM मोहन यादव, 2027 के लिए बड़ा न्योता, MP के विकास एजेंडे पर हुई बात",https://navbharattimes.indiatimes.com/articleshow/134621786.cms,2026-10-01T16:49:52+00:00
Navbharat Times,Navbharat Times • Headlines,https://navbharattimes.indiatimes.com/headlines.cms,24,"पिकनिक मनाने आए पुणे के आठ छात्रों की डूबकर मौत, महाराष्ट्र के रायगढ़ में बड़ा हादसा",https://navbharattimes.indiatimes.com/articleshow/134621499.cms,2026-10-01T16:49:52+00:00
Navbharat Times,Navbharat Times • Headlines,https://navbharattimes.indiatimes.com/headlines.cms,25,"कैप्टन स्मित मच्छार की जांबाजी को सलाम, सोशल मीडिया पर उठी अशोक चक्र देने की मांग",https://navbharattimes.indiatimes.com/articleshow/134620599.cms,2026-10-01T16:49:52+00:00
Navbharat Times,Navbharat Times • Headlines,https://navbharattimes.indiatimes.com/headlines.cms,26,"फॉर्म 6 से जुड़े नियम, बदल दिए चुनाव आयोग ने, अब माता-पिता का रिकॉर्ड नहीं खोजना होगा ! जाने क्या है बदलाव के मायने",https://navbharattimes.indiatimes.com/articleshow/134616641.cms,2026-10-01T16:49:52+00:00
Navbharat Times,Navbharat Times • Headlines,https://navbharattimes.indiatimes.com/headlines.cms,27,"गोबर से गैस, कचरे से कमाई... GOBARdhan Scheme लॉन्च, CBG प्लांट लगाने वालों को 2 करोड़ रुपये तक की मदद",https://navbharattimes.indiatimes.com/articleshow/134621007.cms,2026-10-01T16:49:52+00:00
Navbharat Times,Navbharat Times • Headlines,https://navbharattimes.indiatimes.com/headlines.cms,28,"महानदी के पानी पर वर्षों का विवाद, दिल्ली पहुंचे CM साय, बोले- ‘दोनों राज्यों के हित में जो फैसला होगा, स्वीकार’",https://navbharattimes.indiatimes.com/articleshow/134615446.cms,2026-10-01T16:49:52+00:00
Navbharat Times,Navbharat Times • Headlines,https://navbharattimes.indiatimes.com/headlines.cms,29,"मुझे राज्यसभा नहीं लड़ना, 2029 में गोंडा से लडूंगा लोकसभा चुनाव, राज्यसभा की अटकलों पर बोले बृजभूषण शरण सिंह",https://navbharattimes.indiatimes.com/articleshow/134619756.cms,2026-10-01T16:49:52+00:00
Navbharat Times,Navbharat Times • Headlines,https://navbharattimes.indiatimes.com/headlines.cms,30,"90% लोगों को नहीं पता सूजी पकाने का सही तरीका, 1 गलती से पड़ जाती हैं गांठ भरत ने बताया कैसे बनाएं सूजी का नाश्ता",https://navbharattimes.indiatimes.com/articleshow/134618768.cms,2026-10-01T16:49:52+00:00
Navbharat Times,Navbharat Times • Headlines,https://navbharattimes.indiatimes.com/headlines.cms,31,"TMC छोड़ते ही अनुब्रत मंडल के ऑफिस पर हमला, हाथ जोड़े बैठे रहे बीरभूम के बाहुबली अनंत सिंह",https://navbharattimes.indiatimes.com/articleshow/134621366.cms,2026-10-01T16:49:52+00:00
Navbharat Times,Navbharat Times • Headlines,https://navbharattimes.indiatimes.com/headlines.cms,32,"Who is IAS Shurti Bhardwaj: रिटायर होने के बाद भी जलवा बरकरार , जानें कौन हैं IAS श्रुति भारद्वाज",https://navbharattimes.indiatimes.com/articleshow/134620690.cms,2026-10-01T16:49:52+00:00
Navbharat Times,Navbharat Times • Headlines,https://navbharattimes.indiatimes.com/headlines.cms,33,"‘PDA पर अत्याचार ही आपातकाल’, अखिलेश का भाजपा पर बड़ा हमला, लोकतंत्र सेनानियों के लिए किया बड़ा ऐलान",https://navbharattimes.indiatimes.com/articleshow/134619589.cms,2026-10-01T16:49:52+00:00
Navbharat Times,Navbharat Times • Headlines,https://navbharattimes.indiatimes.com/headlines.cms,34,"UPSSSC Vacancy 2026: यूपी में बनें अधिकारी, 400 पदों पर निकली नई भर्ती, ₹25 लगेगी एप्लिकेशन फीस",https://navbharattimes.indiatimes.com/articleshow/134616812.cms,2026-10-01T16:49:52+00:00
Navbharat Times,Navbharat Times • Headlines,https://navbharattimes.indiatimes.com/headlines.cms,35,"अमेरिकी सेना में बड़ा फेरबदल, पेंटागन से 20% जनरलों और एडमिरलों की छुट्टी, नए ड्रोन कमांड का ऐलान",https://navbharattimes.indiatimes.com/articleshow/134620484.cms,2026-10-01T16:49:52+00:00
Navbharat Times,Navbharat Times • Headlines,https://navbharattimes.indiatimes.com/headlines.cms,36,"नीली आंखों वाली महाकुंभ वायरल गर्ल को बड़ी राहत, एमपी हाईकोर्ट ने उनका जन्म प्रमाणपत्र रद्द करने का आदेश निरस्त किया",https://navbharattimes.indiatimes.com/articleshow/134621061.cms,2026-10-01T16:49:52+00:00
Navbharat Times,Navbharat Times • Headlines,https://navbharattimes.indiatimes.com/headlines.cms,37,"‘हम अभी भी क्यों संघर्ष कर रहे’, हर्ष गोयनका ने कहा- ट्रंप के साथ बैठक करने वाले 25% टेक लीडर्स भारत में जन्मे",https://navbharattimes.indiatimes.com/articleshow/134620862.cms,2026-10-01T16:49:52+00:00
Navbharat Times,Navbharat Times • Headlines,https://navbharattimes.indiatimes.com/headlines.cms,38,"कैप्टन स्मित मच्छार की बहादुरी को सलाम, अरब देशों में इंसानियत, ST हसन ने ऐसे की पायलट की तारीफ",https://navbharattimes.indiatimes.com/articleshow/134620914.cms,2026-10-01T16:49:52+00:00
Navbharat Times,Navbharat Times • Headlines,https://navbharattimes.indiatimes.com/headlines.cms,39,"'पिता की हार का लिया बदला, 45 साल बाद जीती थी कांग्रेस, MLA अनुपमा रावत कौन हैं? अब भाई की क्यों हो रही चर्चा",https://navbharattimes.indiatimes.com/articleshow/134609507.cms,2026-10-01T16:49:52+00:00
Navbharat Times,Navbharat Times • Headlines,https://navbharattimes.indiatimes.com/headlines.cms,40,Shubman Gill Statement,https://navbharattimes.indiatimes.com/articleshow/134600402.cms,2026-10-01T16:49:52+00:00
Navbharat Times,Navbharat Times • Headlines,https://navbharattimes.indiatimes.com/headlines.cms,41,Captain Smit Machchhar,https://navbharattimes.indiatimes.com/articleshow/134607137.cms,2026-10-01T16:49:52+00:00
Navbharat Times,Navbharat Times • Headlines,https://navbharattimes.indiatimes.com/headlines.cms,42,October 2026 Movie Releases,https://navbharattimes.indiatimes.com/articleshow/134593501.cms,2026-10-01T16:49:52+00:00
TV9 Hindi,TV9 Hindi • India,https://www.tv9hindi.com/india,1,कर्नाटक में 15000 वोटरों के नाम मिटाने की साजिश..राहुल का EC पर निशाना,https://www.tv9hindi.com/india/rahul-gandhi-alleges-attempt-to-delete-15000-voter-names-in-belagavi-karnataka-3922868.html,2026-10-01T16:49:52+00:00
TV9 Hindi,TV9 Hindi • India,https://www.tv9hindi.com/india,2,"CMO से नीतीश के करीबी अफसरों की विदाई, बिहार में बदल रहा पावर सेंटर?",https://www.tv9hindi.com/state/bihar/bihar-cmo-reshuffle-nitish-era-officers-exit-as-samrat-choudhary-resets-team-3922865.html,2026-10-01T16:49:52+00:00
TV9 Hindi,TV9 Hindi • India,https://www.tv9hindi.com/india,3,कौन होगा पंजाब कांग्रेस का अगला अध्यक्ष? दिल्ली में होगा मंथन,https://www.tv9hindi.com/india/punjab-congress-leaders-in-delhi-for-discussions-on-state-president-3922841.html,2026-10-01T16:49:52+00:00
TV9 Hindi,TV9 Hindi • India,https://www.tv9hindi.com/india,4,"दिल्ली एयरपोर्ट पर भीड़ संभालना होगा आसान, FTI-TTP गेट्स की शुरुआत",https://www.tv9hindi.com/india/delhi-igi-first-airport-fti-ttp-gates-processing-immigration-queues-new-di-sesk-3922829.html,2026-10-01T16:49:52+00:00
TV9 Hindi,TV9 Hindi • India,https://www.tv9hindi.com/india,5,"नौकरी के नाम पर म्यांमार में कराते थे साइबर ठगी, अब SIA ने कसा शिकंजा",https://www.tv9hindi.com/state/myanmar-cyber-fraud-racket-sia-kashmir-raids-kulgam-qazigund-3922810.html,2026-10-01T16:49:52+00:00
TV9 Hindi,TV9 Hindi • India,https://www.tv9hindi.com/india,6,रामलीला में सुरक्षा से लेकर नशामुक्ति तक...दिल्ली सरकार का क्या प्लान?,https://www.tv9hindi.com/state/delhi-ncr/delhi-ramleela-2026-cctv-at-all-venues-drug-free-oath-at-9-pm-3922797.html,2026-10-01T16:49:52+00:00
TV9 Hindi,TV9 Hindi • India,https://www.tv9hindi.com/india,7,"यूपी: BJP की एससी मोर्चा की नई प्रदेश टीम का ऐलान, देखें पूरी लिस्ट",https://www.tv9hindi.com/india/bjp-announces-up-new-state-teams-for-kisan-morcha-and-sc-morcha-check-the-list-3922775.html,2026-10-01T16:49:52+00:00
TV9 Hindi,TV9 Hindi • India,https://www.tv9hindi.com/india,8,"CBI का अफसर बन किया डिजिटल अरेस्ट, ऐंठे 7 करोड़; मास्टर हैंडलर अरेस्ट",https://www.tv9hindi.com/india/digital-arrest-scam-ed-arrests-master-handler-in-rs-7-crore-fraud-3922776.html,2026-10-01T16:49:52+00:00
TV9 Hindi,TV9 Hindi • India,https://www.tv9hindi.com/india,9,10 साल में 16 बैठकें... इलाहाबाद HC की फुल कोर्ट बैठकों पर गंभीर सवाल,https://www.tv9hindi.com/india/allahabad-high-court-full-court-meetings-only-16-meetings-have-place-last-10-years-high-concern-3922772.html,2026-10-01T16:49:52+00:00
TV9 Hindi,TV9 Hindi • India,https://www.tv9hindi.com/india,10,ज्ञानेश के इस्तीफे की मांग...मुंबई में CEC के खिलाफ CJP का कल प्रदर्शन,https://www.tv9hindi.com/india/cjp-abhijeet-dipke-to-launch-mumbai-protest-oct-2-to-demand-resignation-of-cec-gyanesh-kumar-shiv-sena-ubt-3922769.html,2026-10-01T16:49:52+00:00
TV9 Hindi,TV9 Hindi • India,https://www.tv9hindi.com/india,11,13 करोड़ नामों से लेकर Form-6 तक... SIR पर SC में EC के खिलाफ याचिका,https://www.tv9hindi.com/india/supreme-court-plea-against-election-commission-over-sir-voter-list-3922741.html,2026-10-01T16:49:52+00:00
TV9 Hindi,TV9 Hindi • India,https://www.tv9hindi.com/india,12,"गांधी जयंती पर ज्ञानेश कुमार के खिलाफ प्रदर्शन, CJP ने रखीं 3 मांगें",https://www.tv9hindi.com/india/protest-against-cec-on-gandhi-jayanti-cjp-demands-including-gyanesh-kumar-resignation-3922733.html,2026-10-01T16:49:52+00:00
TV9 Hindi,TV9 Hindi • India,https://www.tv9hindi.com/india,13,ED के खिलाफ केस में CM सोरेन का झटका...HC ने 10 हजार का लगाया जुर्माना,https://www.tv9hindi.com/india/jharkhand-high-court-imposes-fine-cm-hemant-soren-delay-filing-response-sc-st-case-against-ed-3922724.html,2026-10-01T16:49:52+00:00
TV9 Hindi,TV9 Hindi • India,https://www.tv9hindi.com/india,14,अब ऑनलाइन होगा सिक्योरिटी क्लियरेंस; 8 एयरपोर्ट्स पर फुल बॉडी स्कैनर,https://www.tv9hindi.com/india/bcas-reforms-improve-operational-efficiency-online-airport-security-clearance-full-body-scanner-3922704.html,2026-10-01T16:49:52+00:00
TV9 Hindi,TV9 Hindi • India,https://www.tv9hindi.com/india,15,"LPU में तोड़फोड़ पर पुलिस का एक्शन, 3 गिरफ्तार; कई और चेहरों की तलाश",https://www.tv9hindi.com/state/punjab/lpu-violence-case-3-arrested-over-university-vandalism-in-phagwara-3922697.html,2026-10-01T16:49:52+00:00
TV9 Hindi,TV9 Hindi • India,https://www.tv9hindi.com/india,16,जज को नहीं मिला स्टेनो... रिटायरमेंट से पहले हाथ से लिखे 159 फैसले,https://www.tv9hindi.com/india/rajasthan-judge-dinesh-gupta-retires-wrote-159-judgments-supreme-court-3922688.html,2026-10-01T16:49:52+00:00
TV9 Hindi,TV9 Hindi • India,https://www.tv9hindi.com/india,17,ये सरकार की 100% विफलता...बालाघाट में बच्चों की मौत पर राहुल का हमला,https://www.tv9hindi.com/india/rahul-gandhi-targets-bjp-over-balaghat-deaths-says-tribals-are-invisible-to-govt-3922647.html,2026-10-01T16:49:52+00:00
TV9 Hindi,TV9 Hindi • India,https://www.tv9hindi.com/india,18,सुप्रीम कोर्ट का आदेश- चालान नहीं भरने वाले वाहनों को जब्त करे पुलिस,https://www.tv9hindi.com/india/supreme-court-unpaid-traffic-challan-vehicle-impound-freeze-online-service-3922653.html,2026-10-01T16:49:52+00:00
TV9 Hindi,TV9 Hindi • India,https://www.tv9hindi.com/india,19,"INDIA गठबंधन के साथ ममता, राहुल के PM पद पर बोलीं- फैसला सामूहिक होगा",https://www.tv9hindi.com/india/mamata-banerjee-rahul-gandhi-pm-face-india-bloc-and-2029-polls-sir-jayanesh-kumar-3922649.html,2026-10-01T16:49:52+00:00
TV9 Hindi,TV9 Hindi • India,https://www.tv9hindi.com/india,20,"6 साल बाद खुला उड़ीसा का ऐतिहासिक 'गुंडिचा मंदिर', ₹10 में होंगे दर्शन",https://www.tv9hindi.com/state/gundicha-temple-puri-reopens-after-6-years-jagannath-devotees-flock-for-darshan-rath-yatra-significance-3922636.html,2026-10-01T16:49:52+00:00
TV9 Hindi,TV9 Hindi • India,https://www.tv9hindi.com/india,21,"बंगाल में बड़ा बदलाव, स्कूलों से 500 मीटर दूर खुलेंगी शराब की दुकानें",https://www.tv9hindi.com/india/west-bengal-govt-new-liquor-shops-keep-500-metre-distance-schools-religious-sites-urban-areas-other-part-1-km-3922628.html,2026-10-01T16:49:52+00:00
TV9 Hindi,TV9 Hindi • India,https://www.tv9hindi.com/india,22,"संबित पात्रा ने KPSC पेपर लीक की बताई पूरी कहानी, राहुल पर साधा निशाना",https://www.tv9hindi.com/india/sambit-patra-narrates-the-full-story-of-kpsc-paper-leak-targets-rahul-gandhi-3922600.html,2026-10-01T16:49:52+00:00
TV9 Hindi,TV9 Hindi • India,https://www.tv9hindi.com/india,23,"4,400 समझौता ज्ञापन...UPITS 2026 में यूपी ने गढ़ा नया आर्थिक भूगोल",https://www.tv9hindi.com/india/up-international-trade-show-fourth-edition-yogi-adityanath-upits-greater-noida-trade-show-3922585.html,2026-10-01T16:49:52+00:00
TV9 Hindi,TV9 Hindi • India,https://www.tv9hindi.com/india,24,"अनंत सिंह के तेवर से गरमाई बिहार की सियासत, JDU की खींचतान आई सामने",https://www.tv9hindi.com/india/bihar-mlc-polls-anant-singh-backs-anuj-singh-jdu-faces-internal-rift-3922598.html,2026-10-01T16:49:52+00:00
TV9 Hindi,TV9 Hindi • India,https://www.tv9hindi.com/india,25,मुश्ताक खान की प्रेयर मीट से भगाए गए राजपाल? जानें वायरल वीडियो का सच,https://www.tv9hindi.com/entertainment/bollywood-news/was-rajpal-yadav-asked-to-leave-from-mushtaq-khan-prayer-meet-know-the-truth-of-viral-video-3922873.html,2026-10-01T16:49:52+00:00
TV9 Hindi,TV9 Hindi • India,https://www.tv9hindi.com/india,26,"'25000 दो, छुट्टी लो', कर्मचारी से रिश्वत लेते अधिकारी रंगे हाथ अरेस्ट",https://www.tv9hindi.com/state/gujarat/surat-municipal-officer-taking-25-thousand-rupee-bribe-for-employee-leave-busted-by-acb-3922879.html,2026-10-01T16:49:52+00:00
TV9 Hindi,TV9 Hindi • India,https://www.tv9hindi.com/india,27,वनडे वर्ल्ड कप 2027 में कब और किस टीम से भिड़ेगा भारत? देखें शेड्यूल,https://www.tv9hindi.com/sports/cricket-news/team-india-schedule-for-odi-world-cup-2027-fixtures-dates-venues-3922870.html,2026-10-01T16:49:52+00:00
TV9 Hindi,TV9 Hindi • India,https://www.tv9hindi.com/india,28,MP: आखिर कहां छिपा केयरटेकर वरुण? रिटायर्ड IAS की हत्या के बाद से गायब,https://www.tv9hindi.com/state/madhya-pradesh/bhopal-retired-ias-rakesh-agrawal-murder-caretaker-varun-kumar-missing-cctv-police-investigation-3922866.html,2026-10-01T16:49:52+00:00
TV9 Hindi,TV9 Hindi • India,https://www.tv9hindi.com/india,29,Advertise With Us,https://www.tv9hindi.com/advertise-with-us,2026-10-01T16:49:52+00:00
ABP Live Hindi,ABP Live Hindi • News,https://www.abplive.com/news,1,विज्ञापन के लिए संपर्क करें,https://www.abplive.com/advertisement,2026-10-01T16:49:52+00:00
ABP Live Hindi,ABP Live Hindi • News,https://www.abplive.com/news,2,"फ्लाईदुबई विमान के हीरो स्मित मच्छार की सेहत को लेकर बड़ा अपडेट, भारतीय दूतावास ने दी जानकारी",https://www.abplive.com/news/world/flydubai-pilot-smit-machchhar-health-bulletin-recovering-well-indian-ambassador-meets-3196480,2026-10-01T16:49:52+00:00
ABP Live Hindi,ABP Live Hindi • News,https://www.abplive.com/news,3,"एबीपी न्यूज़ Top 10, रात की बड़ी खबरें: पढ़ें- देश-दुनिया की सभी बड़ी खबरें एक साथ - रात",https://www.abplive.com/news/top-10-news-headlines-at-evening-today-abp-news-evening-prime-time-bulletin-1-october-2026-top-news-headlines-updates-from-india-and-world-in-hindi-3196486,2026-10-01T16:49:52+00:00
ABP Live Hindi,ABP Live Hindi • News,https://www.abplive.com/news,4,"वन नेशन, वन इलेक्शन’ पर बड़ा अपडेट, CJI ऑफिस ने खारिज की SC से बैठक की खबर",https://www.abplive.com/news/india/one-nation-one-election-cji-office-denies-meeting-kapil-sibal-claim-ann-3196456,2026-10-01T16:49:52+00:00
ABP Live Hindi,ABP Live Hindi • News,https://www.abplive.com/news,5,इजरायल ने क्यों भेजे फाइटर जेट? भारतीय कैप्टन ने ऐसे बचाई 174 लोगों की जान,https://www.abplive.com/news/world/flydubai-indian-pilot-israel-fighter-jets-emergency-landing-sent-fighter-jet-3196430,2026-10-01T16:49:52+00:00
ABP Live Hindi,ABP Live Hindi • News,https://www.abplive.com/news,6,"बेलगावी में SIR बवाल पर भड़के राहुल गांधी, 'निशाने पर कौन? मुसलमान, SC...'",https://www.abplive.com/news/india/rahul-gandhi-slams-eci-bjp-belagavi-sir-target-muslim-obc-sc-st-attempt-to-delete-name-3196458,2026-10-01T16:49:52+00:00
ABP Live Hindi,ABP Live Hindi • News,https://www.abplive.com/news,7,"इजरायल-इराक का वीजा दिलाने के नाम पर 46 लोगों से ठगी, दो आरोपी गिरफ्तार",https://www.abplive.com/news/india/robbing-in-name-of-israel-iraq-visa-46-people-robbed-2-arrested-ann-3196339,2026-10-01T16:49:52+00:00
ABP Live Hindi,ABP Live Hindi • News,https://www.abplive.com/news,8,उत्तर प्रदेश और उत्तराखंड,https://www.abplive.com/states/up-uk,2026-10-01T16:49:52+00:00
ABP Live Hindi,ABP Live Hindi • News,https://www.abplive.com/news,9,"21 साल बाद भोपाल के मास्टर प्लान का ड्रॉफ्ट जारी, CM ने जनता से मांगे सुझाव",https://www.abplive.com/states/madhya-pradesh/bhopal-masterplan-issued-after-21-years-cm-mohan-yadav-asked-suggestion-from-peoples-3196501,2026-10-01T16:49:52+00:00
ABP Live Hindi,ABP Live Hindi • News,https://www.abplive.com/news,10,"सेवा सेतु अभियान: 3-4 अक्टूबर को लगेंगे शिविर, CM मोहन ने दिए निर्देश",https://www.abplive.com/states/madhya-pradesh/cm-mohan-yadav-speaks-on-seva-sankalp-abhiyan-2026-successful-in-madhya-pradesh-3196497,2026-10-01T16:49:52+00:00
ABP Live Hindi,ABP Live Hindi • News,https://www.abplive.com/news,11,"मुख्यमंत्री सुगम परिवहन सेवा का होगा विस्तार, CM मोहन यादव ने दिए निर्देश",https://www.abplive.com/states/madhya-pradesh/cm-mohan-yadav-instructions-for-expansion-of-cm-sugam-parivahan-sewa-3196490,2026-10-01T16:49:52+00:00
ABP Live Hindi,ABP Live Hindi • News,https://www.abplive.com/news,12,"अखिलेश पर बरसे मंत्री राजभर और भूपेंद्र चौधरी, गिनाए पुराने 'कारनामे'",https://www.abplive.com/states/up-uk/up-minister-om-prakash-rajbhar-and-bhupendra-singh-chaudhary-attack-on-akhilesh-yadav-3196479,2026-10-01T16:49:52+00:00
ABP Live Hindi,ABP Live Hindi • News,https://www.abplive.com/news,13,"14 कोसी परिक्रमा मार्ग का स्वरूप, 31 किमी मार्ग का हो रहा चौड़ीकरण",https://www.abplive.com/states/up-uk/ayodhya-14-kosi-parikrama-route-will-be-widened-before-deepotsav-3196466,2026-10-01T16:49:52+00:00
ABP Live Hindi,ABP Live Hindi • News,https://www.abplive.com/news,14,"जोधपुर: वर्क फ्रॉम होम का झांसा, 30 युवतियों के अश्लील वीडियो, 2 गिरफ्तार",https://www.abplive.com/states/rajasthan/jodhpur-police-arrested-two-accused-of-blackmailing-and-workfrom-home-fraud-with-30-girls-ann-3196429,2026-10-01T16:49:52+00:00
ABP Live Hindi,ABP Live Hindi • News,https://www.abplive.com/news,15,"'बॉक्स ऑफिस पर रूल करेगी', 'दृश्यम 3' का आया फर्स्ट रिव्यू, जानें कैसी है अजय देवगन की फिल्म",https://www.abplive.com/entertainment/bollywood/drishyam-3-first-review-rating-going-to-rule-on-box-office-blockbuster-ajay-devgn-film-taran-adarsh-x-post-3196505,2026-10-01T16:49:52+00:00
ABP Live Hindi,ABP Live Hindi • News,https://www.abplive.com/news,16,"निमृत कौर के पिता को आतंकवादियों ने कर लिया था किडनैप, 7 दिन के टॉर्चर के बाद कर दी हत्या",https://www.abplive.com/entertainment/bollywood/nimrat-kaur-recalls-losing-her-father-says-terrorists-abducted-and-killed-him-3196493,2026-10-01T16:49:52+00:00
ABP Live Hindi,ABP Live Hindi • News,https://www.abplive.com/news,17,"बाल पकड़कर घसीटा, पटक-पटककर मारा, खेसारी लाल की Ex का रिलेशनशिप पर छलका दर्द",https://www.abplive.com/entertainment/bhojpuri-cinema/kajal-raghwani-opens-up-on-abusive-ex-relationship-painfull-past-in-rise-and-fall-2-khesari-lal-yadav-bhojpuri-3196487,2026-10-01T16:49:52+00:00
ABP Live Hindi,ABP Live Hindi • News,https://www.abplive.com/news,18,ऑफ एयर हो रहा 'क्योंकि सास भी कभी बहू थी 2'? सुपरनैचुरल फेंटेसी शो करेगा रिप्लेस!,https://www.abplive.com/entertainment/television/smriti-irani-show-kyunki-saas-bhi-kabhi-bahu-thi-2-to-go-off-air-3196474,2026-10-01T16:49:52+00:00
ABP Live Hindi,ABP Live Hindi • News,https://www.abplive.com/news,19,"2027 वनडे वर्ल्ड कप में इस दिन खेला जाएगा भारत और पाकिस्तान के बीच मैच, ICC ने किया एलान",https://www.abplive.com/sports/cricket/the-icc-has-announced-that-the-india-vs-pakistan-match-will-be-played-on-this-day-in-the-2027-odi-world-cup-schedule-3196502,2026-10-01T16:49:52+00:00
ABP Live Hindi,ABP Live Hindi • News,https://www.abplive.com/news,20,"ICC ने 2027 वनडे वर्ल्ड कप के शेड्यूल का किया एलान, 10 अक्टूबर को पाकिस्तान से भारत की भिड़ंत",https://www.abplive.com/sports/cricket/icc-announces-2027-odi-world-cup-full-schedule-10th-october-india-vs-pakistan-match-india-first-match-against-australia-on-october-7-3196489,2026-10-01T16:49:52+00:00
ABP Live Hindi,ABP Live Hindi • News,https://www.abplive.com/news,21,"ICC ने 1 अक्टूबर से बदले क्रिकेट के 7 नियम, अब टाइम खराब किया तो 5 रनों की पेनाल्टी",https://www.abplive.com/sports/cricket/icc-changes-7-cricket-rules-from-today-1st-october-5-run-penalty-for-time-wasting-3196457,2026-10-01T16:49:52+00:00
ABP Live Hindi,ABP Live Hindi • News,https://www.abplive.com/news,22,"एशियन गेम्स: निशानेबाजी में भारत ने जीते 15 मेडल, अनीश नहीं लगा सके पदक पर निशाना",https://www.abplive.com/sports/cricket/asian-games-india-won-15-medals-in-shooting-anish-failed-to-hit-the-target-3196472,2026-10-01T16:49:52+00:00
ABP Live Hindi,ABP Live Hindi • News,https://www.abplive.com/news,23,"कैप्टन स्मित की बहादुरी को पाकिस्तानी क्रिकेटर का सलाम, कहा- यही है भारत की भावना",https://www.abplive.com/sports/cricket/captain-smit-bravery-saved-174-passengers-danish-kaneria-praised-him-3196459,2026-10-01T16:49:52+00:00
ABP Live Hindi,ABP Live Hindi • News,https://www.abplive.com/news,24,"Asian Games 2026 Day 13: भारत के पदकों की संख्या 64 पहुंची, 10 गोल्ड शामिल",https://www.abplive.com/sports/asian-games-2026-day-13-live-indian-cricket-team-semi-final-ind-vs-pak-volleyball-match-3196110,2026-10-01T16:49:52+00:00
ABP Live Hindi,ABP Live Hindi • News,https://www.abplive.com/news,25,Budh Gochar 2026: तुला राशि में बुध का नक्षत्र परिवर्तन; वृषभ और मिथुन समेत 6 राशियों को मिलेंगे नए अवसर,https://www.abplive.com/astro/budh-gochar-2026-mercury-transit-swati-nakshatra-6-rashiyon-ko-labh-3196461,2026-10-01T16:49:52+00:00
ABP Live Hindi,ABP Live Hindi • News,https://www.abplive.com/news,26,"Kal Ka Rashifal 2 October 2026: मृगशिरा नक्षत्र और षष्ठी तिथि का महासंयोग, मिथुन को पैतृक संपत्ति और कर्क को विदेश यात्रा का लाभ!",https://www.abplive.com/astro/horoscope/kal-ka-rashifal-2-october-2026-friday-mesh-to-meen-tomorrow-horoscope-career-money-love-3196144,2026-10-01T16:49:52+00:00
ABP Live Hindi,ABP Live Hindi • News,https://www.abplive.com/news,27,"टैरो राशिफल 2 अक्टूबर 2026: तुला को पदोन्नति का तोहफा, सिंह को इंटरव्यू में सफलता; जानें 12 राशियों का भाग्य",https://www.abplive.com/astro/horoscope/tarot-card-rashifal-2-october-2026-thursday-aries-to-pisces-horoscope-in-hindi-3196465,2026-10-01T16:49:52+00:00
ABP Live Hindi,ABP Live Hindi • News,https://www.abplive.com/news,28,"Aaj Ka Rashifal 1 October 2026: वृषभ में चंद्रमा खोलेगा प्रगति के रास्ते, इन राशियों को संभालने होंगे खर्च",https://www.abplive.com/astro/aaj-ka-rashifal-1-october-2026-daily-horoscope-all-zodiac-signs-rahukaal-tithi-3195888,2026-10-01T16:49:52+00:00
ABP Live Hindi,ABP Live Hindi • News,https://www.abplive.com/news,29,"पटना में जितिया पर अलर्ट, घाटों पर होगी निगरानी, DM ने जारी किए निर्देश",https://www.abplive.com/states/bihar/jitiya-parv-patna-river-water-level-ghat-safety-alert-ann-3196392,2026-10-01T16:49:52+00:00
ABP Live Hindi,ABP Live Hindi • News,https://www.abplive.com/news,30,अक्टूबर में बदल रही 2 बड़े ग्रहों की चाल: 5 दुर्लभ योगों के बीच जानें प्रभाव और उपाय,https://www.abplive.com/astro/transit/grah-gochar-october-2026-planetary-transit-surya-guru-gochar-shukra-budh-vakri-3196120,2026-10-01T16:49:52+00:00
ABP Live Hindi,ABP Live Hindi • News,https://www.abplive.com/news,31,"चीनी को लेकर सरकार का बड़ा फैसला, स्टॉक रखने की लिमिट की फिक्स",https://www.abplive.com/business/government-tightens-sugar-stock-holding-to-1000-quintals-3196488,2026-10-01T16:49:52+00:00
ABP Live Hindi,ABP Live Hindi • News,https://www.abplive.com/news,32,"दालों पर घटेगी इंपोर्ट ड्यूटी, त्यौहारों से पहले सरकार का बड़ा फैसला",https://www.abplive.com/business/government-may-cut-import-duty-on-lentils-before-festivals-3196478,2026-10-01T16:49:52+00:00
ABP Live Hindi,ABP Live Hindi • News,https://www.abplive.com/news,33,"HDFC बैंक को मिला नया बॉस, अनूप बागची संभालेंगे MD और CEO की कमान",https://www.abplive.com/business/hdfc-bank-appointed-anup-bagchi-as-its-new-managing-director-and-ceo-3196442,2026-10-01T16:49:52+00:00
ABP Live Hindi,ABP Live Hindi • News,https://www.abplive.com/news,34,अगर दुकानदार मांगेगा एक्स्ट्रा पैसे तो 76% लोग छोड़ देंगे UPI पेमेंट- सर्वे,https://www.abplive.com/business/upi-extra-charge-survey-users-may-shift-to-cash-credit-cards-for-payments-above-2000-3196439,2026-10-01T16:49:52+00:00
ABP Live Hindi,ABP Live Hindi • News,https://www.abplive.com/news,35,"इस राज्य ने कर्मचारियों और पेंशनभोगियों को दी सौगात, DA-DR में की बढ़ोतरी",https://www.abplive.com/business/sikkim-government-hikes-da-dr-of-employees-and-pensioners-3196425,2026-10-01T16:49:52+00:00
ABP Live Hindi,ABP Live Hindi • News,https://www.abplive.com/news,36,"बैंक जॉब से आजादी, महिला ने 2 लाख का बांड भरकर छोड़ी 12 घंटे वाली नौकरी",https://www.abplive.com/business/government-bank-job-stress-woman-quits-70000-salary-job-after-long-working-hours-3196412,2026-10-01T16:49:52+00:00
ABP Live Hindi,ABP Live Hindi • News,https://www.abplive.com/news,37,"ब्लड शुगर कम करने के लिए कितनी देर टहलना है जरूरी, क्या कहती है रिसर्च?",https://www.abplive.com/lifestyle/health/5-vs-10-vs-20-minute-walk-lower-blood-sugar-post-meal-3196235,2026-10-01T16:49:52+00:00
ABP Live Hindi,ABP Live Hindi • News,https://www.abplive.com/news,38,"भारतीय थाली में बढ़ रहा Protein का महत्व, अब मटर से बनेगा Protein Isolate",https://www.abplive.com/lifestyle/food/india-pea-protein-isolate-niftem-kundli-canada-protein-food-market-3196446,2026-10-01T16:49:52+00:00
ABP Live Hindi,ABP Live Hindi • News,https://www.abplive.com/news,39,How To Cook In Kadai: कढ़ाई को कैसे करें प्रेशर कुकर की तरह इस्तेमाल? आसान हो जाएगी कुकिंग,https://www.abplive.com/lifestyle/home-tips/how-to-use-kadai-like-pressure-cooker-for-dum-cooking-3196291,2026-10-01T16:49:52+00:00
ABP Live Hindi,ABP Live Hindi • News,https://www.abplive.com/news,40,"Aaj Ka Panchang 1 October 2026: आज षष्ठी श्राद्ध, रात 9:17 बजे तक सिद्धि योग, जानें राहुकाल",https://www.abplive.com/lifestyle/religion/aaj-ka-panchang-1-october-2026-shashthi-shradh-rohini-nakshatra-rahu-kaal-3196001,2026-10-01T16:49:52+00:00
ABP Live Hindi,ABP Live Hindi • News,https://www.abplive.com/news,41,"Food For Groom Family: घर आए हैं लड़के वाले? इन डिश को करें खाने में शामिल, बन जाएगी बात",https://www.abplive.com/lifestyle/food/food-menu-for-groom-family-north-indian-dishes-for-guests-3196306,2026-10-01T16:49:52+00:00
ABP Live Hindi,ABP Live Hindi • News,https://www.abplive.com/news,42,"How To Make Poori: गुब्बारे जैसी फूलेगी हर पूड़ी, आटा गूंथते समय करें बस ये 1 काम",https://www.abplive.com/lifestyle/home-tips/how-to-prepare-poori-dough-for-fluffy-and-crispy-poori-3196248,2026-10-01T16:49:52+00:00
ABP Live Hindi,ABP Live Hindi • News,https://www.abplive.com/news,43,"सिंधु समझौता रद्द, फिर भी भारत ने क्यों नहीं रोका पाक का पानी? क्या है वजह",https://www.abplive.com/gk/indus-waters-treaty-suspension-between-india-and-pakistan-but-why-india-has-not-stopped-water-supply-of-pakistan-3196416,2026-10-01T16:49:52+00:00
ABP Live Hindi,ABP Live Hindi • News,https://www.abplive.com/news,44,"किन देशों को बिजली सप्लाई करता है भारत, नेपाल को किस भाव बेचेगा?",https://www.abplive.com/gk/to-which-countries-does-india-supply-electricity-know-the-rate-at-which-nepal-will-buy-power-3196407,2026-10-01T16:49:52+00:00
ABP Live Hindi,ABP Live Hindi • News,https://www.abplive.com/news,45,"भारत को क्यों है चीन के होटन एयर रूट की जरूरत, क्या होगा इससे फायदा?",https://www.abplive.com/gk/why-india-wants-china-hotan-airspace-route-to-connect-with-central-asia-how-is-it-beneficial-for-india-pakistan-airspace-closed-3196350,2026-10-01T16:49:52+00:00
ABP Live Hindi,ABP Live Hindi • News,https://www.abplive.com/news,46,"दिरहम या रुपया, किस करेंसी में मिलती है पायलट मच्छार को सैलरी?",https://www.abplive.com/gk/dirham-or-rupee-in-which-currency-does-pilot-smit-machhar-receive-his-salary-know-here-3196343,2026-10-01T16:49:52+00:00
ABP Live Hindi,ABP Live Hindi • News,https://www.abplive.com/news,47,अब AI बताएगा Video में क्या कमी है! Instagram Creators के लिए आया नया फीचर,https://www.abplive.com/technology/instagram-edits-adds-ai-creative-video-assistant-tool-new-feature-for-creators-3196275,2026-10-01T16:49:52+00:00
ABP Live Hindi,ABP Live Hindi • News,https://www.abplive.com/news,48,"किसी और के डॉक्यूमेंट पर सिम लेने पर होगी इतनी सजा, जान लें नियम",https://www.abplive.com/technology/sim-on-someone-else-document-know-what-will-be-punishment-for-it-check-the-telecommunication-rules-3196408,2026-10-01T16:49:52+00:00
ABP Live Hindi,ABP Live Hindi • News,https://www.abplive.com/news,49,TV को मिलेगा नया Slim डिजाइन! Amazon ने लॉन्च किया Fire TV Stick 4K,https://www.abplive.com/technology/amazon-fire-tv-stick-4k-2026-and-redesigned-fire-tv-remote-launch-with-slim-design-and-usb-powered-3196230,2026-10-01T16:49:52+00:00
ABP Live Hindi,ABP Live Hindi • News,https://www.abplive.com/news,50,लैपटॉप बैटरी जल्दी खत्म? बैकअप बढ़ाने के असरदार तरीके आजमाएं,https://www.abplive.com/technology/laptop-battery-drains-quickly-try-these-things-to-increase-backup-3196342,2026-10-01T16:49:52+00:00
ABP Live Hindi,ABP Live Hindi • News,https://www.abplive.com/news,51,"टाइपिंग छोड़िए, अब बोलकर लिखेगा AI! Fireflies.ai का नया Voice Tool लॉन्च",https://www.abplive.com/technology/fireflies-ai-launches-talk-voice-dictation-tool-for-used-to-email-slack-documents-prompts-and-more-3196187,2026-10-01T16:49:52+00:00
ABP Live Hindi,ABP Live Hindi • News,https://www.abplive.com/news,52,Reel बनाने का ऐसा क्रेज! ट्रेन के आगे पल्लू बांधकर महिला ने किया डांस,https://www.abplive.com/trending/viral-dance-video-woman-ties-her-pallu-to-train-dances-on-railway-track-3196405,2026-10-01T16:49:52+00:00
ABP Live Hindi,ABP Live Hindi • News,https://www.abplive.com/news,53,"मुंबई मेट्रो में ‘पीकदान’ देख चौंके लोग, सोशल मीडिया पर छिड़ी बहस",https://www.abplive.com/trending/mumbai-metro-spit-bin-viral-photo-spitting-fine-debate-3196234,2026-10-01T16:49:52+00:00
ABP Live Hindi,ABP Live Hindi • News,https://www.abplive.com/news,54,"गुमशुदा पत्नी को सामने देख फूट-फूटकर रोया पति, वीडियो देख इंटरनेट इमोशनल",https://www.abplive.com/trending/husband-crying-video-gone-viral-met-her-wife-after-3-months-3196241,2026-10-01T16:49:52+00:00
ABP Live Hindi,ABP Live Hindi • News,https://www.abplive.com/news,55,"माता पिता भगवान नहीं हैं, CEO की वायरल पोस्ट पर क्यों मचा हंगामा?",https://www.abplive.com/trending/parents-are-not-god-ceo-viral-post-sparks-indian-parenting-debate-3196158,2026-10-01T16:49:52+00:00
ABP Live Hindi,ABP Live Hindi • News,https://www.abplive.com/news,56,"टाइगर ने की स्विमिंग, पानी में यूं बिताए सुकून के पल, वीडियो वायरल",https://www.abplive.com/trending/tiger-swimming-with-tongue-out-viral-video-3196170,2026-10-01T16:49:52+00:00
ABP Live Hindi,ABP Live Hindi • News,https://www.abplive.com/news,57,"प्लास्टर छोड़ मजदूर बने प्रभुदेवा, 'प्रेमिका ने प्यार से' पर किया डांस",https://www.abplive.com/trending/construction-workers-dance-on-prabhu-deva-song-viral-video-3195984,2026-10-01T16:49:52+00:00
ABP Live Hindi,ABP Live Hindi • News,https://www.abplive.com/news,58,"अब 9वीं के छात्र पढ़ेंगे Income Tax, NCERT का सिर्फ नई व्यवस्था पर फोकस",https://www.abplive.com/education/ncert-class-9-students-to-learn-income-tax-and-personal-finance-under-new-tax-regime-3196413,2026-10-01T16:49:52+00:00
ABP Live Hindi,ABP Live Hindi • News,https://www.abplive.com/news,59,"सुप्रीम कोर्ट में सरकारी नौकरी का मौका, JCA के 250 पदों पर भर्ती",https://www.abplive.com/education/jobs/supreme-court-jca-recruitment-2026-for-250-junior-court-assistant-posts-apply-from-oct-7-3196285,2026-10-01T16:49:52+00:00
ABP Live Hindi,ABP Live Hindi • News,https://www.abplive.com/news,60,"दिल्ली जल बोर्ड में करें इंटर्नशिप, जानें क्या है आवेदन की अंतिम तिथि",https://www.abplive.com/education/delhi-jal-board-young-aqua-leaders-internship-program-2026-application-last-date-3196202,2026-10-01T16:49:52+00:00
ABP Live Hindi,ABP Live Hindi • News,https://www.abplive.com/news,61,"एशियन गेम्स में जीता सिल्वर, कौन हैं आशीमा और DU से क्या कनेक्शन?",https://www.abplive.com/education/aashima-ahlawat-asian-games-silver-medal-du-connection-3196203,2026-10-01T16:49:52+00:00
ABP Live Hindi,ABP Live Hindi • News,https://www.abplive.com/news,62,"69 हजार शिक्षक भर्ती का हिसाब देगी यूपी सरकार, सुप्रीम कोर्ट ने मांगी लिस्ट",https://www.abplive.com/education/up-69000-teacher-recruitment-supreme-court-seeks-complete-selection-list-and-candidate-data-3196218,2026-10-01T16:49:52+00:00
ABP Live Hindi,ABP Live Hindi • News,https://www.abplive.com/news,63,"बिहार में एक यूनिवर्सिटी पर 10.3 लाख छात्रों का बोझ, रिपोर्ट में खुलासा",https://www.abplive.com/education/bihar-university-faces-10-3-lakh-future-students-due-to-higher-education-capacity-gap-3196188,2026-10-01T16:49:52+00:00
ABP Live Hindi,ABP Live Hindi • News,https://www.abplive.com/news,64,"Volkswagen की 28.6 लाख Cars Recall, जानें वजह",https://www.abplive.com/auto/volkswagen-recalls-28-lakh-cars-steering-wheel-defect-details-check-here-3196431,2026-10-01T16:49:52+00:00
ABP Live Hindi,ABP Live Hindi • News,https://www.abplive.com/news,65,"CNG या EV, कौन है ज्यादा Green? TERI की स्टडी में खुलासा",https://www.abplive.com/auto/teri-study-cng-vs-ev-lifecycle-environmental-impact-india-details-here-3196349,2026-10-01T16:49:52+00:00
ABP Live Hindi,ABP Live Hindi • News,https://www.abplive.com/news,66,"फैमिली स्कूटर कैसे बदल रहे EV मार्केट की चाल, क्यों है इसमें फायदा?",https://www.abplive.com/auto/bikes/ev-scooters-demand-in-india-and-reasons-they-are-selling-fast-read-here-3196300,2026-10-01T16:49:52+00:00
ABP Live Hindi,ABP Live Hindi • News,https://www.abplive.com/news,67,"Honda Elevate Facelift, लॉन्च से पहले जानें क्या-क्या बदलेगा?",https://www.abplive.com/auto/honda-elevate-facelift-preview-design-features-engine-details-here-3196316,2026-10-01T16:49:52+00:00
ABP Live Hindi,ABP Live Hindi • News,https://www.abplive.com/news,68,"मुंबई में आज से महंगा हुआ Toll, इन गाड़ियों पर पड़ेगा असर",https://www.abplive.com/auto/mumbai-toll-hike-october-1-commercial-vehicles-revised-rates-check-details-here-3196199,2026-10-01T16:49:52+00:00
ABP Live Hindi,ABP Live Hindi • News,https://www.abplive.com/news,69,Health and Fitness,https://www.abplive.com/lifestyle/health,2026-10-01T16:49:52+00:00
ABP Live Hindi,ABP Live Hindi • News,https://www.abplive.com/news,70,INDIA AT 2047,https://www.abplive.com/events/india-at-2047,2026-10-01T16:49:52+00:00
ABP Live Hindi,ABP Live Hindi • News,https://www.abplive.com/news,71,पर्सनल लोन EMI कैलकुलेटर,https://www.abplive.com/utility/personal-loan-emi-calculator,2026-10-01T16:49:52+00:00
ABP Live Hindi,ABP Live Hindi • News,https://www.abplive.com/news,72,कार लोन EMI कैलकुलेटर,https://www.abplive.com/utility/car-loan-emi-calculator,2026-10-01T16:49:52+00:00
ABP Live Hindi,ABP Live Hindi • News,https://www.abplive.com/news,73,होम लोन EMI कैलकुलेटर,https://www.abplive.com/utility/home-loan-emi-calculator,2026-10-01T16:49:52+00:00
ABP Live Hindi,ABP Live Hindi • News,https://www.abplive.com/news,74,एजुकेशन लोन EMI कैलकुलेटर,https://www.abplive.com/utility/education-loan-emi-calculator,2026-10-01T16:49:52+00:00
ABP Live Hindi,ABP Live Hindi • News,https://www.abplive.com/news,75,"'अमित शाह ने 20 जुलाई को गलती की, आप ना करें', दीपके का CM फडणवीस पर पलटवार",https://www.abplive.com/news/india/abhijit-dipke-warns-devendra-fadnavis-do-not-do-wrong-like-amit-shah-done-on-20-july-ann-3196421,2026-10-01T16:49:52+00:00
ABP Live Hindi,ABP Live Hindi • News,https://www.abplive.com/news,76,"कपिल सिब्बल का बड़ा हमला, 'इतिहास में ये नहीं हुआ कि सुप्रीम कोर्ट में...'",https://www.abplive.com/news/india/congress-leader-kapil-sibal-one-nation-one-election-supreme-court-meeting-3196360,2026-10-01T16:49:52+00:00
ABP Live Hindi,ABP Live Hindi • News,https://www.abplive.com/news,77,Explained: दो जहरीले इंजेक्शन के बावजूद क्रिस्टा पाइक की मौत क्यों नहीं हुई? 207 साल में पहला केस,https://www.abplive.com/news/world/how-christa-pike-surviving-after-couple-on-poison-pentobarbital-injection-tennessee-botched-execution-explained-3196447,2026-10-01T16:49:52+00:00
ABP Live Hindi,ABP Live Hindi • News,https://www.abplive.com/news,78,"महिला सुरक्षा पर संसद का विशेष सत्र बुलाने की मांग, 10 दिन का अल्टीमेटम",https://www.abplive.com/news/india/womens-movement-in-delhi-ask-for-special-parliament-session-for-women-safety-given-10-days-ultimatum-ann-3196428,2026-10-01T16:49:52+00:00
ABP Live Hindi,ABP Live Hindi • News,https://www.abplive.com/news,79,"फ्लाईदुबई घटना के बाद कैसे एक्शन में आया इजरायल और भेजे फाइटर जेट..., राजदूत ने बताया",https://www.abplive.com/news/india/flydubai-incident-israel-immediately-sent-fighter-jets-ambassador-reuven-azar-claim-3196414,2026-10-01T16:49:52+00:00
ABP Live Hindi,ABP Live Hindi • News,https://www.abplive.com/news,80,"एविएशन सिक्योरिटी रिव्यू, स्काई मार्शल..., फ्लाइटदुबई की घटना के बाद भारत अलर्ट",https://www.abplive.com/news/india/flydubai-incident-india-shifted-to-safety-pilot-psychometric-tests-and-sky-marshals-ann-3196403,2026-10-01T16:49:52+00:00
ABP Live Hindi,ABP Live Hindi • News,https://www.abplive.com/news,81,Explained: नीरजा को शहादत तो देवी शरण की कनपटी पर बंदूक! स्मित मच्छार जैसे वो 3 बड़े 'हीरो',https://www.abplive.com/news/india/smit-machchhar-flydubai-fz1073-highjack-not-first-case-neerja-bhanot-captain-devi-sharan-and-v-k-mehta-kandhar-explained-3196404,2026-10-01T16:49:52+00:00
ABP Live Hindi,ABP Live Hindi • News,https://www.abplive.com/news,82,"रूस जाने वालों के लिए MEA की एडवाइजरी जारी, कहा- 'खबरें मिल रही है कि...'",https://www.abplive.com/news/india/ministry-of-external-affairs-advisory-for-indians-travelling-to-russia-3196367,2026-10-01T16:49:52+00:00
ABP Live Hindi,ABP Live Hindi • News,https://www.abplive.com/news,83,"पैनकार्ड क्लब्स पर ED की बड़ी कार्रवाई, 646.58 करोड़ की 211 अचल संपत्तियां अटैच",https://www.abplive.com/news/india/major-ed-action-against-pancard-clubs-211-immovable-properties-worth-646-crore-attached-ann-3196388,2026-10-01T16:49:52+00:00
ABP Live Hindi,ABP Live Hindi • News,https://www.abplive.com/news,84,"'SIR पर किसी का नहीं था ध्यान, मैंने शुरू...', ममता बनर्जी का चौंकाने वाला बयान",https://www.abplive.com/news/india/mamata-banerjee-slams-cec-gyanesh-kumar-resignation-no-body-know-about-sir-3196372,2026-10-01T16:49:52+00:00
ABP Live Hindi,ABP Live Hindi • News,https://www.abplive.com/news,85,"ज्ञानेश कुमार के खिलाफ अभिजीत दीपके का बड़ा ऐलान, 'जंतर-मंतर पर बैठेंगे और...'",https://www.abplive.com/news/india/cjp-founder-abhijeet-dipke-says-our-protest-will-continue-until-cec-gyanesh-kumar-resigns-3196357,2026-10-01T16:49:52+00:00
ABP Live Hindi,ABP Live Hindi • News,https://www.abplive.com/news,86,"अहमदाबाद सीरियल ब्लास्ट केस: दोषी की फांसी पर SC की रोक, गुजरात सरकार को जारी नोटिस",https://www.abplive.com/news/india/supreme-court-stay-sentence-of-death-penalty-in-2008-ahmedabad-serial-blast-case-ann-3196368,2026-10-01T16:49:52+00:00
ABP Live Hindi,ABP Live Hindi • News,https://www.abplive.com/news,87,"LIVE: स्मित माछर को UAE किया गया एयरलिफ्ट, राजदूत ने परिवार वालों से की मुलाकात",https://www.abplive.com/news/india/dubai-tel-aviv-flydubai-flight-news-live-updates-indian-pilot-smit-machhar-national-hero-3196131,2026-10-01T16:49:52+00:00
ABP Live Hindi,ABP Live Hindi • News,https://www.abplive.com/news,88,"Explained: MSP, ग्रीन एनर्जी और दिल्ली ट्रैफिक! मोदी कैबिनेट के 3 फैसलों से आप पर क्या असर?",https://www.abplive.com/news/india/pm-modi-cabinet-three-big-decision-rabi-crop-msp-green-energy-and-delhi-traffic-impact-farmers-explained-3196365,2026-10-01T16:49:52+00:00
ABP Live Hindi,ABP Live Hindi • News,https://www.abplive.com/news,89,"मिलन प्रधान ने नंदीग्राम उपचुनाव में शुरू किया प्रचार, कहा- राजनीतिक थी गिरफ़्तारी",https://www.abplive.com/news/india/congress-candidate-milan-pradhan-for-nandigram-bypoll-started-election-publicity-got-bail-from-high-court-3196321,2026-10-01T16:49:52+00:00
ABP Live Hindi,ABP Live Hindi • News,https://www.abplive.com/news,90,कैसे ओमानी पायलट के हाथ में थी फ्लाई दुबई की कमान? आतंकी साजिश की जांच करेगा UAE,https://www.abplive.com/news/world/flydubai-flight-uae-orders-investigation-against-oman-pilot-terror-conspiracy-3196354,2026-10-01T16:49:52+00:00
ABP Live Hindi,ABP Live Hindi • News,https://www.abplive.com/news,91,'राहुल गांधी हिटलर के...' इंडिया गठबंधन की बैठक पर भड़की BJP,https://www.abplive.com/news/india/bjp-rajeev-chandrasekhar-says-rahul-gandhi-adolf-hitler-propaganda-minister-on-india-alliance-meeting-3196336,2026-10-01T16:49:52+00:00
ABP Live Hindi,ABP Live Hindi • News,https://www.abplive.com/news,92,एआई से सेमीकंडक्टर तक- भविष्य गढ़ रहा उत्तर प्रदेश,https://www.abplive.com/blog/from-ai-to-semiconductors-uttar-pradesh-shaping-future-cm-yogi-adityanath-3191073,2026-10-01T16:49:52+00:00
ABP Live Hindi,ABP Live Hindi • News,https://www.abplive.com/news,93,"अल्जाइमर से बचाव में जीवनशैली की अहम भूमिका, दिमाग को स्वस्थ रखने के 5 आसान तरीके",https://www.abplive.com/blog/alzheimer-disease-5-easy-ways-to-keep-brain-healthy-3190359,2026-10-01T16:49:52+00:00
ABP Live Hindi,ABP Live Hindi • News,https://www.abplive.com/news,94,डॉ. दिनेश चौकसे,https://www.abplive.com/authors/doctor-dinesh-choukse,2026-10-01T16:49:52+00:00
ABP Live Hindi,ABP Live Hindi • News,https://www.abplive.com/news,95,25 वर्षों की जनसेवा: राष्ट्र निर्माण के संकल्प से विकसित भारत की यात्रा तक,https://www.abplive.com/blog/pm-narendra-modi-birthday-25-years-in-public-life-samrat-choudhary-bihar-cm-3190001,2026-10-01T16:49:52+00:00
ABP Live Hindi,ABP Live Hindi • News,https://www.abplive.com/news,96,विजन से एक्शन तक: PM मोदी के लीडरशिप मॉडल से क्या सीखें Gen Z,https://www.abplive.com/blog/pm-modi-birthday-gen-z-gen-alpha-up-politics-3189890,2026-10-01T16:49:52+00:00
ABP Live Hindi,ABP Live Hindi • News,https://www.abplive.com/news,97,"जम्मू कश्मीर: सरकारी गाड़ी गई, बाइक से विधानसभा पहुंचे AAP विधायक मेहराज मलिक",https://www.abplive.com/states/jammu-and-kashmir/aap-mla-mehraj-malik-rides-motor-cycle-to-jammu-kashmir-assembly-session-3195756,2026-10-01T16:49:52+00:00
ABP Live Hindi,ABP Live Hindi • News,https://www.abplive.com/news,98,"'नीतीश बाद में जाते तो ज्यादा नुकसान होता', कांग्रेस बैठक में ऐसा क्यों बोलीं सोनिया गांधी",https://www.abplive.com/news/india/cwc-meeting-digvijay-singh-on-nitish-kumar-rajya-sabha-mp-sonia-gandhi-reply-in-own-style-3195574,2026-10-01T16:49:52+00:00
ABP Live Hindi,ABP Live Hindi • News,https://www.abplive.com/news,99,"भारत में पहली बार हुई झरनों की गिनती, सामने आए चौंकाने वाले आंकड़े",https://www.abplive.com/datalabs/news/india/10-states-14468-springs-first-ever-census-of-springs-jal-shakti-ministry-infographics-3195820,2026-10-01T16:49:52+00:00
ABP Live Hindi,ABP Live Hindi • News,https://www.abplive.com/news,100,"30 सितंबर को UP-बिहार समेत 22 राज्यों में भारी बारिश, IMD का अलर्ट",https://www.abplive.com/datalabs/news/india/weather-updates-30th-september-imd-alert-heavy-rain-forecast-across-22-states-up-bihar-infographic-3195645,2026-10-01T16:49:52+00:00
ABP Live Hindi,ABP Live Hindi • News,https://www.abplive.com/news,101,"23 से 28 सितंबर का मौसमी खेल: UP में 544% अधिक बारिश, तमिलनाडु में 96% सूखा",https://www.abplive.com/datalabs/news/india/up-records-544-percent-rain-surplus-tamil-nadu-faces-96-percent-deficit-imd-data-infographics-3195468,2026-10-01T16:49:52+00:00
ABP Live Hindi,ABP Live Hindi • News,https://www.abplive.com/news,102,"दिल्ली में ठंड का नया रिकॉर्ड: 21°C पर पहुंचा पारा, 25 साल में दूसरी बार हुआ ऐसा",https://www.abplive.com/datalabs/states/delhi-ncr/delhi-coldest-september-night-in-25-years-21-degree-celsius-infographics-3195508,2026-10-01T16:49:52+00:00
ABP Live Hindi,ABP Live Hindi • News,https://www.abplive.com/news,103,"दिल्ली-NCR की हवा हुई खराब, सितंबर के आखिरी हफ्ते में बढ़ा प्रदूषण",https://www.abplive.com/datalabs/states/delhi-ncr/delhi-ncr-noida-gurgaon-september-aqi-increase-check-data-3193705,2026-10-01T16:49:52+00:00
ABP Live Hindi,ABP Live Hindi • News,https://www.abplive.com/news,104,पति के टुकड़े-टुकड़े...अब रोएगी मुस्कान!,https://www.abplive.com/tv-show/sansani/sansani-husband-chopped-into-pieces-now-muskaan-will-weep-3196077,2026-10-01T16:49:52+00:00
ABP Live Hindi,ABP Live Hindi • News,https://www.abplive.com/news,105,"चाकूबाजी या हाइजैक, फ्लाइट में क्या हुआ?",https://www.abplive.com/tv-show/janhit/stabbing-or-hijacking-what-happened-on-the-flight-3196075,2026-10-01T16:49:52+00:00
ABP Live Hindi,ABP Live Hindi • News,https://www.abplive.com/news,106,Diwali 2026 से पहले महंगाई का झटका! AC-TV से लेकर खाने-पीने की चीजें होंगी महंगी?,https://www.abplive.com/tv-show/bharat-ki-baat/inflation-shock-ahead-of-diwali-2026-will-everything-from-acs-and-tvs-to-food-items-become-costlier-3196072,2026-10-01T16:49:52+00:00
ABP Live Hindi,ABP Live Hindi • News,https://www.abplive.com/news,107,"यूपीआईटीएस: गांव से ग्लोबल तक नारी शक्ति, बदलते उत्तर प्रदेश का नया चेहरा बनीं महिला उद्यमी",https://www.abplive.com/blog/upits-women-empowerment-from-village-to-global-uttar-pradesh-3196064,2026-10-01T16:49:52+00:00
ABP Live Hindi,ABP Live Hindi • News,https://www.abplive.com/news,108,"अनंत सिंह JDU से OUT होंगे? पार्टी का आया बड़ा बयान, 'कुछ लोग…'",https://www.abplive.com/states/bihar/jdu-madan-sahani-statement-on-anant-singh-supporting-anuj-singh-mlc-election-3196410,2026-10-01T16:49:52+00:00
ABP Live Hindi,ABP Live Hindi • News,https://www.abplive.com/news,109,बदल जाएगा टेस्ट मैच की गेंद का रंग! ICC ने बनाया बड़ा प्लान,https://www.abplive.com/sports/cricket/icc-planning-to-change-daytime-test-match-ball-colour-from-red-to-pink-as-trial-basis-3196432,2026-10-01T16:49:52+00:00
ABP Live Hindi,ABP Live Hindi • News,https://www.abplive.com/news,110,"दादा बने नवजोत सिंह सिद्धू, घर आई नन्ही परी, पोती का नाम भी किया रिवील",https://www.abplive.com/entertainment/bollywood/navjot-singh-sidhu-becomes-grandfather-welcomes-grand-daughter-arya-sidhu-3196420,2026-10-01T16:49:52+00:00
ABP Live Hindi,ABP Live Hindi • News,https://www.abplive.com/news,111,"UP: ओपी राजभर-अखिलेश के बीच तू-तू-मैं-मैं, नथवानी, रामगोपाल, INDIA पर भिड़े दोनों नेता",https://www.abplive.com/states/up-uk/up-politics-op-rajbhar-and-akhilesh-yadav-clash-over-nathwani-ramgopal-and-india-bloc-3196352,2026-10-01T16:49:52+00:00
ABP Live Hindi,ABP Live Hindi • News,https://www.abplive.com/news,112,"गांधीजी के आश्रम में खाने से सामान रखने तक के नियम, क्यों जरूरी थे 11 व्रत?",https://www.abplive.com/lifestyle/religion/mahatma-gandhi-11-vows-ashram-rules-meaning-3196433,2026-10-01T16:49:52+00:00
ABP Live Hindi,ABP Live Hindi • News,https://www.abplive.com/news,113,"सालभर बिकता है गेंदा का ये फूल, 10 हजार की लागत से शुरू करें खेती",https://www.abplive.com/agriculture/tennis-ball-marigold-cultivation-year-round-demand-low-cost-high-income-farming-genda-ka-kheti-me-munafa-3196393,2026-10-01T16:49:52+00:00
ABP Live Hindi,ABP Live Hindi • News,https://www.abplive.com/news,114,मुंबई का मौसम,https://www.abplive.com/weather/mumbai,2026-10-01T16:49:52+00:00
ABP Live Hindi,ABP Live Hindi • News,https://www.abplive.com/news,115,जयपुर का मौसम,https://www.abplive.com/weather/jaipur,2026-10-01T16:49:52+00:00
ABP Live Hindi,ABP Live Hindi • News,https://www.abplive.com/news,116,नई दिल्ली का मौसम,https://www.abplive.com/weather/delhi,2026-10-01T16:49:52+00:00
ABP Live Hindi,ABP Live Hindi • News,https://www.abplive.com/news,117,लखनऊ का मौसम,https://www.abplive.com/weather/lucknow,2026-10-01T16:49:52+00:00
ABP Live Hindi,ABP Live Hindi • News,https://www.abplive.com/news,118,नोएडा का मौसम,https://www.abplive.com/weather/noida,2026-10-01T16:49:52+00:00
Times Now Hindi,Times Now Hindi • Latest News,https://www.timesnowhindi.com/latest-news,1,टेक एंड गैजेट्स,https://www.timesnowhindi.com/tech-gadgets,2026-10-01T16:49:52+00:00
Times Now Hindi,Times Now Hindi • Latest News,https://www.timesnowhindi.com/latest-news,2,1000 अंक टूटा सेंसेक्स ₹9 लाख करोड़ स्वाहा,https://www.timesnowhindi.com/business/chaos-in-the-stock-market-sensex-plunges-1000-points-9-lakh-crore-wiped-outfind-out-why-the-market-is-in-turmoil-article-156258141,2026-10-01T16:49:52+00:00
Times Now Hindi,Times Now Hindi • Latest News,https://www.timesnowhindi.com/latest-news,3,पाकिस्तान को 4-3 से हराकर फाइनल में पहुंचा भारत,https://www.timesnowhindi.com/sports/ind-vs-pak-hockey-match-live-streaming-score-asia-games-2026-today-match-updates-from-gifu-prefectural-green-stadium-in-kakamigahara-japan-liveblog-156257725,2026-10-01T16:49:52+00:00
Times Now Hindi,Times Now Hindi • Latest News,https://www.timesnowhindi.com/latest-news,4,राम मंदिर चंदा चोरी मामला,https://www.timesnowhindi.com/india/ram-mandir-donation-theft-sc-agrees-to-hear-on-nov-2-plea-for-action-against-champat-rai-article-156256373,2026-10-01T16:49:52+00:00
Times Now Hindi,Times Now Hindi • Latest News,https://www.timesnowhindi.com/latest-news,5,कौन हैं स्मित मच्छार,https://www.timesnowhindi.com/business/who-is-smit-machhar-his-connection-with-a-business-family-his-engineering-studies-and-how-did-he-become-a-pilot-article-156256008,2026-10-01T16:49:52+00:00
Times Now Hindi,Times Now Hindi • Latest News,https://www.timesnowhindi.com/latest-news,6,"UP Election 2027 : यूपी में ओवैसी ने खोले गठबंधन के दरवाजे, BJP को थर्ड टर्म से रोकने की तैयारी; AIMIM का क्या है प्लान?",https://www.timesnowhindi.com/cities/uttar-pradesh-assembly-election-2027-aimim-open-to-alliance-in-up-owaisi-says-party-wants-to-stop-bjps-third-term-article-156260421,2026-10-01T16:49:52+00:00
Times Now Hindi,Times Now Hindi • Latest News,https://www.timesnowhindi.com/latest-news,7,"गांधी जयंती पर ज्ञानेश कुमार के खिलाफ प्रदर्शन पर पुलिस ने लगाया ब्रेक, जंतर-मंतर से नई दिल्ली तक CAPF तैनात; धारा 163 लागू",https://www.timesnowhindi.com/cities/delhi-police-denies-permission-for-protest-against-cec-gyanesh-kumar-security-tightened-at-jantar-mantar-article-156260135,2026-10-01T16:49:52+00:00
Times Now Hindi,Times Now Hindi • Latest News,https://www.timesnowhindi.com/latest-news,8,"'TMC का कांग्रेस में विलय कर दें...' अधीर रंजन का ममता को सीधा ऑफर, बोले- बंगाल में आपके नेतृत्व में काम करेंगे",https://www.timesnowhindi.com/india/adhir-ranjan-chowdhury-mamata-banerjee-tmc-congress-merger-offer-article-156260388,2026-10-01T16:49:52+00:00
Times Now Hindi,Times Now Hindi • Latest News,https://www.timesnowhindi.com/latest-news,9,"ICC World Cup 2027 Full Schedule: वनडे वर्ल्ड कप 2027 का जारी हुआ शेड्यूल, इस दिन होगा भारत-पाकिस्तान के बीच महामुकाबला",https://www.timesnowhindi.com/sports/cricket/icc-announce-odi-world-cup-2027-full-schedule-india-will-face-pakistan-on-10th-october-article-156260364,2026-10-01T16:49:52+00:00
Times Now Hindi,Times Now Hindi • Latest News,https://www.timesnowhindi.com/latest-news,10,"UP Police SI 2025: 4543 पदों के नियुक्ति पत्र पर हाईकोर्ट की रोक, जानें कब होगी सुनवाई",https://www.timesnowhindi.com/education/up-police-si-vacancy-2025-allahabad-high-court-stays-appointment-letters-for-4543-sarkari-naukri-article-156260251,2026-10-01T16:49:52+00:00
Times Now Hindi,Times Now Hindi • Latest News,https://www.timesnowhindi.com/latest-news,11,पंजाब कांग्रेस का अगला अध्यक्ष कौन? अमरिंदर सिंह राजा वड़िंग बोले- अगर मैं नहीं हूं तो कोई और होगा,https://www.timesnowhindi.com/cities/punjab-news-punjab-congress-chief-row-amarinder-singh-raja-warring-says-party-will-decide-next-president-article-156260226,2026-10-01T16:49:52+00:00
Times Now Hindi,Times Now Hindi • Latest News,https://www.timesnowhindi.com/latest-news,12,"Irani Cup 2026-27: जम्मू-कश्मीर ने शेष भारत को पहली पारी में 237 रन पर समेटा, ऋषभ पंत का नहीं चला बल्ला",https://www.timesnowhindi.com/sports/cricket/irani-cup-2026-final-jammu-and-kashmir-bowled-out-rest-of-india-for-237-runs-in-first-innings-article-156260022,2026-10-01T16:49:52+00:00
Times Now Hindi,Times Now Hindi • Latest News,https://www.timesnowhindi.com/latest-news,13,"अनूप बागची होंगे HDFC बैंक के अगले MD एवं CEO, RBI ने दी मंजूरी",https://www.timesnowhindi.com/business/anoop-bagchi-to-be-hdfc-banks-next-md-and-ceo-rbi-grants-approval-article-156260152,2026-10-01T16:49:52+00:00
Times Now Hindi,Times Now Hindi • Latest News,https://www.timesnowhindi.com/latest-news,14,"इलाहाबाद हाई कोर्ट ने लगाई पुलिस थानों को फटकार, कहा- 365 दिन 24 घंटे चालू रखने होंगे CCTV, खराब होने पर GD में दर्ज करनी होगी डिटेल",https://www.timesnowhindi.com/cities/allahabad-high-court-issues-strict-cctv-guidelines-for-police-stations-over-illegal-detention-case-article-156259818,2026-10-01T16:49:52+00:00
Times Now Hindi,Times Now Hindi • Latest News,https://www.timesnowhindi.com/latest-news,15,Captain Smit Machchhar की बहादुरी को Raveena Tandon- Kangana Ranaut समेत इन स्टार्स ने किया सलाम,https://www.timesnowhindi.com/entertainment/bollywood/kangana-ranaut-to-raveena-tandon-bollywood-stars-hail-captain-smit-machchhar-bravery-article-156260107,2026-10-01T16:49:52+00:00
Times Now Hindi,Times Now Hindi • Latest News,https://www.timesnowhindi.com/latest-news,16,"RPSC APO Result 2026: असिस्टेंट प्रॉसिक्यूशन ऑफिसर का रिजल्ट जारी, ऐसे चेक करें रोल नंबर",https://www.timesnowhindi.com/education/rpsc-assistant-prosecution-officer-exam-result-declared-at-rpsc-rajasthan-gov-in-get-here-pdf-download-link-article-156260067,2026-10-01T16:49:52+00:00
Times Now Hindi,Times Now Hindi • Latest News,https://www.timesnowhindi.com/latest-news,17,कैप्टन स्मित की अब कैसी है तबीयत? भारतीय दूतावास ने बताया खून से लथपथ मच्छार का हाल,https://www.timesnowhindi.com/world/captain-smit-machchhar-health-update-indian-embassy-says-pilot-is-recovering-well-after-flydubai-attack-article-156260023,2026-10-01T16:49:52+00:00
Times Now Hindi,Times Now Hindi • Latest News,https://www.timesnowhindi.com/latest-news,18,"ICC ने किए क्रिकेट के नियमों में बड़े बदलाव, दिन के टेस्ट मैचों में अब हो सकेगा गुलाबी गेंद का उपयोग",https://www.timesnowhindi.com/sports/cricket/usage-of-pink-balls-in-day-time-tests-to-time-wasting-penalties-for-batters-key-changes-across-formats-with-new-icc-playing-conditions-article-156259976,2026-10-01T16:49:52+00:00
Times Now Hindi,Times Now Hindi • Latest News,https://www.timesnowhindi.com/latest-news,19,"One Nation One Election पर बड़ा ट्विस्ट, सुप्रीम कोर्ट ने कहा- CJI-जजों से ऐसी कोई बैठक नहीं हो रही",https://www.timesnowhindi.com/india/major-twist-regarding-one-nation-one-election-supreme-court-states-no-such-meeting-with-the-cji-and-judges-is-taking-place-article-156259968,2026-10-01T16:49:52+00:00
Times Now Hindi,Times Now Hindi • Latest News,https://www.timesnowhindi.com/latest-news,20,"Kal Ka Mausam : 60 की रफ्तार से आ रहा तूफान, 11 राज्यों में भारी बारिश का पूर्वानुमान; बिजली से रहें सावधान",https://www.timesnowhindi.com/cities/kal-ka-mausam-02-october-2026-barish-flood-monsoon-rain-imd-alert-jane-mausam-ka-haal-article-156259888,2026-10-01T16:49:52+00:00
Times Now Hindi,Times Now Hindi • Latest News,https://www.timesnowhindi.com/latest-news,21,"Baatein Dil Se में मीका सिंह खोलेंगे जिंदगी के राज, टीजर देख एक्साइटेड हुए फैंस",https://www.timesnowhindi.com/entertainment/bollywood/baatein-dil-se-with-navika-kumar-show-teaser-out-know-full-details-here-article-156259948,2026-10-01T16:49:52+00:00
Times Now Hindi,Times Now Hindi • Latest News,https://www.timesnowhindi.com/latest-news,22,"Etah News: एटा में मंदिर में पुजारी की ईंटों से कूचकर हत्या, खून से लथपथ मिले, 250 मीटर दूर घायल मिला एक युवक",https://www.timesnowhindi.com/cities/priest-bludgeoned-to-death-with-bricks-at-an-temple-in-up-injured-youth-found-250-meters-away-article-156259920,2026-10-01T16:49:52+00:00
Times Now Hindi,Times Now Hindi • Latest News,https://www.timesnowhindi.com/latest-news,23,"रायगढ़ के दिवेआगर बीच में बड़ा हादसा, पिकनिक मनाने गए 8 छात्र समुद्र में डूबे; सभी शव बरामद",https://www.timesnowhindi.com/cities/many-boys-drown-in-sea-after-getting-caught-in-strong-waves-in-raigad-maharashtra-article-156259908,2026-10-01T16:49:52+00:00
Times Now Hindi,Times Now Hindi • Latest News,https://www.timesnowhindi.com/latest-news,24,"रिचार्ज प्लान पर TRAI ने कंपनियों को फिर से लताड़ा, कहा- जो खेल आपलोग खेल रहे हैं, वह अब नहीं चलेगा",https://www.timesnowhindi.com/tech-gadgets/telecom-companies-must-prominently-display-mandatory-recharge-plans-on-their-websites-and-apps-says-trai-article-156259828,2026-10-01T16:49:52+00:00
Times Now Hindi,Times Now Hindi • Latest News,https://www.timesnowhindi.com/latest-news,25,"करीब एक दशक बाद कांग्रेस में लौट सकते हैं 'बापू', वापसी को लेकर बातचीत तेज, गुजरात में सियासी सरगर्मी",https://www.timesnowhindi.com/india/shankersinh-vaghela-congress-return-talks-bapu-gujarat-article-156259807,2026-10-01T16:49:52+00:00
Times Now Hindi,Times Now Hindi • Latest News,https://www.timesnowhindi.com/latest-news,26,"Drishyam The Conclusion : धुरंधर 2 का टूटेगा रिकॉर्ड, अजय देवगन उड़ाएंगे गर्दा",https://www.timesnowhindi.com/entertainment/box-office/ajay-devgn-drishyam-the-conclusion-box-office-prediction-article-156259813,2026-10-01T16:49:52+00:00
Times Now Hindi,Times Now Hindi • Latest News,https://www.timesnowhindi.com/latest-news,27,"10 Din Ka Mausam: अक्टूबर में मौसम लेगा करवट, मानसून की विदाई के बीच कहीं बारिश तो कहीं गरज-चमक और तेज हवाओं का दिखेगा असर",https://www.timesnowhindi.com/cities/agle-10-din-ka-mausam-1-to-10-october-2026-kaisa-rahega-barish-floods-cloudburst-next-ten-days-weather-forecast-imd-red-yellow-alert-article-156259789,2026-10-01T16:49:52+00:00
Times Now Hindi,Times Now Hindi • Latest News,https://www.timesnowhindi.com/latest-news,28,"'बेलगावी में 15 हजार वोटरों के नाम मिटाने की साजिश', राहुल गांधी ने EC-BJP को घेरा, बोले- मुसलमान, SC/ST निशाने पर",https://www.timesnowhindi.com/india/karnataka-sir-controversy-rahul-gandhi-alleges-15000-voter-deletion-attempt-in-belagavi-article-156259781,2026-10-01T16:49:52+00:00
Times Now Hindi,Times Now Hindi • Latest News,https://www.timesnowhindi.com/latest-news,29,"SSC Exam Calendar 2026-27: नवंबर से शुरू होंगी JE, दिल्ली पुलिस SI और CHSL परीक्षाएं, देखें पूरा शेड्यूल",https://www.timesnowhindi.com/education/ssc-exam-calendar-2026-27-tentative-schedule-released-at-ssc-gov-in-check-here-official-notice-article-156259784,2026-10-01T16:49:52+00:00
Times Now Hindi,Times Now Hindi • Latest News,https://www.timesnowhindi.com/latest-news,30,"भारत को सेलिंग में मिला सिल्वर, मनु-कुरिसिंकल की जोड़ी ने रचा इतिहास",https://www.timesnowhindi.com/sports/asian-games-2026-manu-francis-and-nobel-kurisinkal-wins-silver-medal-in-sailing-in-mens-skiff-with-23-net-points-article-156256870,2026-10-01T16:49:52+00:00
Times Now Hindi,Times Now Hindi • Latest News,https://www.timesnowhindi.com/latest-news,31,"अब WhatsApp नहीं रहेगा फ्री! इन लोगों को देना होगा चार्ज, जानें जरूरी बात",https://www.timesnowhindi.com/tech-gadgets/whatsapp-business-message-new-rules-from-1-october-article-156256869,2026-10-01T16:49:52+00:00
Times Now Hindi,Times Now Hindi • Latest News,https://www.timesnowhindi.com/latest-news,32,सरकारी नौकरी यूपी खेल निदेशालय विभाग में बंपर भर्ती,https://www.timesnowhindi.com/education/upsssc-issues-advertisements-for-108-posts-of-the-directorate-of-sports-and-412-posts-of-the-department-of-youth-welfare-article-156256156,2026-10-01T16:49:52+00:00
Times Now Hindi,Times Now Hindi • Latest News,https://www.timesnowhindi.com/latest-news,33,राजस्थान में सरकारी स्कूलों का समय 15 अक्टूबर तक नहीं बदलेगा,https://www.timesnowhindi.com/education/government-school-timings-in-rajasthan-will-not-change-until-october-15-classes-will-begin-at-730-am-article-156256783,2026-10-01T16:49:52+00:00
Times Now Hindi,Times Now Hindi • Latest News,https://www.timesnowhindi.com/latest-news,34,पूरा देश कर रहा कैप्टन स्मित मच्छार की सलामती के लिए दुआएं,https://www.timesnowhindi.com/india/we-are-proud-of-this-brave-pilot-entire-nation-prays-for-captain-smit-machchhar-speedy-recovery-article-156256817,2026-10-01T16:49:52+00:00
Times Now Hindi,Times Now Hindi • Latest News,https://www.timesnowhindi.com/latest-news,35,मोदी का फंडा साफ है- जनता से वसूली करो दोस्त की तिजोरी भरो,https://www.timesnowhindi.com/india/congress-attacks-pm-modi-over-commercial-lpg-price-hike-calls-him-mahangayi-man-article-156256640,2026-10-01T16:49:52+00:00
Times Now Hindi,Times Now Hindi • Latest News,https://www.timesnowhindi.com/latest-news,36,कितने बजे शुरू होगा भारत-श्रीलंका एशियन गेम्स टी20 सेमीफाइनल?,https://www.timesnowhindi.com/sports/cricket/ind-vs-sl-t20-semi-final-live-streaming-when-and-where-to-watch-india-vs-sri-lanka-asian-games-2026-match-telecast-and-live-streaming-article-156256144,2026-10-01T16:49:52+00:00
Times Now Hindi,Times Now Hindi • Latest News,https://www.timesnowhindi.com/latest-news,37,फ्लाई दुबई विमान संकट टालने वाले भारतीय पायलट की ट्रंप ने की तारीफ,https://www.timesnowhindi.com/world/trump-praises-flydubai-pilot-smitt-machar-for-averting-crisis-calls-indian-pilot-a-hero-article-156255684,2026-10-01T16:49:52+00:00
Times Now Hindi,Times Now Hindi • Latest News,https://www.timesnowhindi.com/latest-news,38,Advertise with us,https://www.timesnowhindi.com/info/advertise-with-us,2026-10-01T16:49:52+00:00
Jagran,Jagran • Latest News,https://www.jagran.com/latest-news.html,1,Did You Know,https://www.jagran.com/did-you-know-news-hindi.html,2026-10-01T16:49:52+00:00
Jagran,Jagran • Latest News,https://www.jagran.com/latest-news.html,2,Mutual Funds मास्टरी,https://www.jagran.com/events/jagran-next/mutual-funds-mastery/index.html,2026-10-01T16:49:52+00:00
Jagran,Jagran • Latest News,https://www.jagran.com/latest-news.html,3,IND Vs AFG सीरीज,https://www.jagran.com/topics/ind-vs-afg-t20,2026-10-01T16:49:52+00:00
Jagran,Jagran • Latest News,https://www.jagran.com/latest-news.html,4,काम की खबर,https://www.jagran.com/topics/utility,2026-10-01T16:49:52+00:00
Jagran,Jagran • Latest News,https://www.jagran.com/latest-news.html,5,आज का राशिफल,https://www.jagran.com/topics/aaj-ka-rashifal,2026-10-01T16:49:52+00:00
Jagran,Jagran • Latest News,https://www.jagran.com/latest-news.html,6,स्पोर्ट्स मैच देखें,https://www.jagran.com/sports-watch/cricket,2026-10-01T16:49:52+00:00
Jagran,Jagran • Latest News,https://www.jagran.com/latest-news.html,7,"छात्रसंघ चुनाव में धांधली का आरोप, एनएसयूआइ-कांग्रेस का सीएम आवास कूच, पुलिस से नोकझोंक के बाद गिरफ्तारी",https://www.jagran.com/uttarakhand/dehradun-city-nsuicongress-protest-cm-house-dehradun-over-student-poll-rigging-40391537.html,2026-10-01T16:49:52+00:00
Jagran,Jagran • Latest News,https://www.jagran.com/latest-news.html,8,"जन्म-मृत्यु प्रमाण पत्र बनवाने के नए नियम लागू, समय पर आवेदन न करने पर काटना होगा कोर्ट का चक्कर",https://www.jagran.com/uttar-pradesh/agra-city-agra-birth-death-certificate-rules-change-court-approval-after-2-years-40391529.html,2026-10-01T16:49:52+00:00
Jagran,Jagran • Latest News,https://www.jagran.com/latest-news.html,9,Post Office Embezzlement Case: चाईबासा में 12.93 लाख रुपये गबन करने वाला भगोड़ा पोस्ट मास्टर चढ़ा पुलिस के हत्थे,https://www.jagran.com/jharkhand/west-singhbhum-chaibasa-post-master-arrested-for-rs-1293-lakh-embezzlement-40391536.html,2026-10-01T16:49:52+00:00
Jagran,Jagran • Latest News,https://www.jagran.com/latest-news.html,10,"मुख्यमंत्री धामी ने मानव-वन्यजीव संघर्ष कम करने को बताया प्राथमिकता, 18 व्यक्तियों को किया सम्मानित",https://www.jagran.com/uttarakhand/dehradun-city-uttarakhand-cm-dhami-on-humanwildlife-conflict-ecotourism-40391533.html,2026-10-01T16:49:52+00:00
Jagran,Jagran • Latest News,https://www.jagran.com/latest-news.html,11,"बारापुला फेज-3 से 15 मिनट में 40 मिनट के सफर का दावा फेल, दो लूप से जुड़ते 5 रास्तों से ट्रैफिक जाम; ड्रोन से जांच",https://www.jagran.com/delhi/new-delhi-city-barapullah-phase-3-fails-to-ease-delhi-traffic-drone-survey-40391525.html,2026-10-01T16:49:52+00:00
Jagran,Jagran • Latest News,https://www.jagran.com/latest-news.html,12,"Little Thomas Trailer: गुलशन देवैया और रसिका दुग्ग्ल ला रहे स्वीट लिटिल ड्रामा, कहानी देखकर पिघल जाएगा दिल",https://www.jagran.com/entertainment/bollywood-little-thomas-trailer-gulshan-devaiah-rashika-dugal-movie-story-revolves-around-child-40391532.html,2026-10-01T16:49:52+00:00
Jagran,Jagran • Latest News,https://www.jagran.com/latest-news.html,13,"'पापा की डांट से रूठे', 13 साल की बहन और 12 साल का भाई अचानक हुए गायब; पुलिस की इस चाल से बचे",https://www.jagran.com/uttar-pradesh/sambhal-city-sambhal-brother-sister-flee-to-noida-after-fathers-scolding-found-in-8-hours-40391515.html,2026-10-01T16:49:52+00:00
Jagran,Jagran • Latest News,https://www.jagran.com/latest-news.html,14,भोपाल रिटायर्ड IAS हत्याकांड: 1 करोड़ की धोखाधड़ी से लेकर आगरा में मिले मोबाइल तक... जांच में सामने आए नए तथ्यों ने बढ़ाया सस्पेंस,https://www.jagran.com/madhya-pradesh/bhopal-bhopal-ias-murder-1-cr-fraud-agra-mobile-link-adds-suspense-40391531.html,2026-10-01T16:49:52+00:00
Jagran,Jagran • Latest News,https://www.jagran.com/latest-news.html,15,"सिहमा ब्लॉक के 10 गांवों का होगा कायाकल्प, रास्तों को संवारन",https://www.jagran.com/haryana/mahendragarh-171-crore-approved-for-road-development-in-mahendragarh-villages-40391530.html,2026-10-01T16:49:52+00:00
Jagran,Jagran • Latest News,https://www.jagran.com/latest-news.html,16,"इलेक्शन कमीशन ने फॉर्म-6 के जुड़े नियमों में किया बदलाव, अब",https://www.jagran.com/uttar-pradesh/lucknow-city-eci-simplifies-voter-list-registration-with-form-6-changes-40391522.html,2026-10-01T16:49:52+00:00
Jagran,Jagran • Latest News,https://www.jagran.com/latest-news.html,17,"गांधी जयंती पर हिमाचल के कामगारों को बड़ा तोहफा, CM सुक्खू ख",https://www.jagran.com/himachal-pradesh/shimla-a-big-gift-to-himachal-workers-on-gandhi-jayanti-cm-sukhu-will-transfer-rs-5-crore-78-lakh-into-their-accounts-40391528.html,2026-10-01T16:49:52+00:00
Jagran,Jagran • Latest News,https://www.jagran.com/latest-news.html,18,"बिहार में चप्पल उतारकर The Vvaan देखने गए लोग, थिएटर के बाहर",https://www.jagran.com/entertainment/bollywood-audience-remove-footwear-before-watching-the-vvaan-thekua-was-distributed-in-bihar-40391499.html,2026-10-01T16:49:52+00:00
Jagran,Jagran • Latest News,https://www.jagran.com/latest-news.html,19,ट्रांस हिंडन के 10 से ज्यादा इलाकों में काले और सीवर जैसे दु,https://www.jagran.com/uttar-pradesh/ghaziabad-sahibabad-trans-hindon-areas-face-dirty-water-supply-crisis-40391518.html,2026-10-01T16:49:52+00:00
Jagran,Jagran • Latest News,https://www.jagran.com/latest-news.html,20,"बिहार में टीचरों के ट्रांसफर का शेड्यूल तय, 4 से 10 अक्टूबर",https://www.jagran.com/bihar/patna-city-bihar-teacher-transfer-online-applications-open-october-4-on-e-shiksha-kosh-40391514.html,2026-10-01T16:49:52+00:00
Jagran,Jagran • Latest News,https://www.jagran.com/latest-news.html,21,"मगध-अम्रपाली क्षेत्र में अवैध खनन व कोयला चोरी जारी, चतरा मे",https://www.jagran.com/jharkhand/chatra-chatra-cisf-recovers-50-tons-illegal-coal-traders-panicked-40391258.html,2026-10-01T16:49:52+00:00
Jagran,Jagran • Latest News,https://www.jagran.com/latest-news.html,22,"1925 में चाईबासा पहुंचे थे बापू, 'हो' भाषा में गूंजा था खादी",https://www.jagran.com/jharkhand/west-singhbhum-gandhis-1925-chaibasa-visit-khadi-ho-language-kolhan-impact-40391503.html,2026-10-01T16:49:52+00:00
Jagran,Jagran • Latest News,https://www.jagran.com/latest-news.html,23,"यूपी की 9350 पंचायतों में 10 दिन में पूरा करना होगा डिजिटल लाइब्रेरी का काम, मंत्री ओपी राजभर ने दिए निर्देश",https://www.jagran.com/uttar-pradesh/lucknow-city-up-digital-libraries-minister-rajbhar-sets-10-day-deadline-40391513.html,2026-10-01T16:49:52+00:00
Jagran,Jagran • Latest News,https://www.jagran.com/latest-news.html,24,"बिहार सहित 4 राज्यों को जोड़ेगा नया इकोनॉमिक कॉरिडोर, जून तक तैयार होगी 33.5 KM लंबी सड़क",https://www.jagran.com/bihar/patna-city-varanasi-kolkata-expressway-gaya-section-28-percent-complete-2027-target-40391496.html,2026-10-01T16:49:52+00:00
Jagran,Jagran • Latest News,https://www.jagran.com/latest-news.html,25,"'मुस्कुरा रहे और बातचीत कर रहे हैं कैप्टन मछार', Flydubai में घायल भारतीय पायलट स्मित से मिले भारतीय राजदूत",https://www.jagran.com/world/middle-east-indian-envoy-gives-update-on-injured-flydubai-pilot-smit-machchhar-health-40391516.html,2026-10-01T16:49:52+00:00
Jagran,Jagran • Latest News,https://www.jagran.com/latest-news.html,26,"पंजाब में SIR का 99.21% काम पूरा, मुख्य निर्वाचन अधिकारी बोलीं- मतदाताओं को नहीं लगाने पड़ेंगे कार्यालयों के चक्कर",https://www.jagran.com/punjab/chandigarh-9921-of-sir-work-completed-in-punjab-chief-electoral-officer-says-voters-will-not-have-to-run-around-offices-40391511.html,2026-10-01T16:49:52+00:00
Jagran,Jagran • Latest News,https://www.jagran.com/latest-news.html,27,"एशिया के पहले बायो प्लास्टिक प्लांट के लिए वेसल ला रहा 308 पहियों वाला महाट्रक, बेल्जियम से पहुंचेगा कुंभी चीनी मिल",https://www.jagran.com/uttar-pradesh/lakhimpur-khiri-308-wheeled-truck-transports-vessel-for-asias-first-bio-plastic-plant-40386993.html,2026-10-01T16:49:52+00:00
Jagran,Jagran • Latest News,https://www.jagran.com/latest-news.html,28,"‘डाली डाली पे अनार...’ ब्याह में महफिल जमा देता है ये हरियाणवी लोकगीत, थिरके बिना नहीं रह पाते भाभियों के कदम",https://www.jagran.com/lifestyle/lifestyle-news-haryanvi-folk-song-mere-sasur-ne-baag-lagaya-re-brightens-up-wedding-celebrations-playful-lyrics-dominating-wedding-dance-floors-40387177.html,2026-10-01T16:49:52+00:00
Jagran,Jagran • Latest News,https://www.jagran.com/latest-news.html,29,"54वें दिन Hanuman Ansh के साथ हुआ 'चमत्कार', बजरंग बली के बल से भरी मेकर्स की तिजोरी; जमकर हुई पैसों की बारिश",https://www.jagran.com/entertainment/box-office-hanuman-ansh-box-office-collection-neem-karoli-baba-devotional-drama-close-to-350-crore-collection-40389343.html,2026-10-01T16:49:52+00:00
Jagran,Jagran • Latest News,https://www.jagran.com/latest-news.html,30,"'पिता के बनाए घर में बेटे-बहू का हक नहीं', 13 साल पुराने मामले में अहमदाबाद की सिविल कोर्ट ने सुनाया फैसला",https://www.jagran.com/news/national-son-and-daughter-in-law-have-no-right-to-house-built-by-father-ahmedabad-civil-court-delivers-verdict-in-13-year-old-case-40388554.html,2026-10-01T16:49:52+00:00
Jagran,Jagran • Latest News,https://www.jagran.com/latest-news.html,31,"ऑर्केस्ट्रा से बिल्कुल अलग है बिहार का झुमरी नृत्य, ठेठ देहाती अंदाज में महिलाएं करती हैं गोल घेरा बनाकर डांस",https://www.jagran.com/lifestyle/lifestyle-news-circular-formation-like-garba-but-in-bihari-style-jhumri-dance-of-mithilanchal-is-different-from-orchestra-and-jat-jatin-40389010.html,2026-10-01T16:49:52+00:00
Jagran,Jagran • Latest News,https://www.jagran.com/latest-news.html,32,"राहत इंदौरी ने लिखा था Govinda का सबसे रोमांटिक गीत, Kumar Sanu ने लगाए सुर; बसों में खूब बजता है ये कल्ट गाना",https://www.jagran.com/entertainment/bollywood-kumar-sanu-cult-song-tumsa-koi-pyara-written-by-rahat-indori-featured-on-govinda-and-karisma-kapoor-from-khuddar-40388724.html,2026-10-01T16:49:52+00:00
Jagran,Jagran • Latest News,https://www.jagran.com/latest-news.html,33,"52वें दिन Hanuman Ansh ने बॉक्स ऑफिस पर रचा इतिहास, नीम करोली बाबा की कृपा से फिल्म ने रविवार को किया धांसू कलेक्शन",https://www.jagran.com/entertainment/box-office-hanuman-ansh-box-office-collection-day-52-devotional-film-creates-history-and-mints-rs-400-crore-worldwide-40387411.html,2026-10-01T16:49:52+00:00
Jagran,Jagran • Latest News,https://www.jagran.com/latest-news.html,34,"Pitru Paksha: 676 सीढ़ियों की कठिन चढ़ाई, सत्तू से पिंड बनाकर उड़ाने की परंपरा; गया के प्रेतशिला में कैसे होता है तर्पण?",https://www.jagran.com/bihar/gaya-pretshila-pind-daan-unique-tradition-climb-676-stairs-offering-sattu-in-gaya-40386775.html,2026-10-01T16:49:52+00:00
Jagran,Jagran • Latest News,https://www.jagran.com/latest-news.html,35,"महाराष्ट्र के रायगढ़ के दिवेआगर बीच पर बड़ा हादसा, डूबने से 8 छात्रों की मौत",https://www.jagran.com/maharashtra/mumbai-eight-students-died-after-drowned-in-the-sea-in-maharashtras-raigad-40391405.html,2026-10-01T16:49:52+00:00
Jagran,Jagran • Latest News,https://www.jagran.com/latest-news.html,36,"PPF, SSY समेत स्मॉल सेविंग स्कीम पर अगली तिमाही के लिए ब्याज दरें घोषित, 1 अक्टूबर से नई दरें लागू",https://www.jagran.com/business/biz-ppf-to-ssy-and-small-savings-schemes-interest-rates-unchanged-for-q3-fy27-40390081.html,2026-10-01T16:49:52+00:00
Jagran,Jagran • Latest News,https://www.jagran.com/latest-news.html,37,"'9/11 जैसा हमला होने से बचा लिया', पीएम मोदी ने की फ्लाईदुबई के जांबाज कैप्टन स्मित मछार की तारीफ",https://www.jagran.com/news/national-pm-narendra-modi-praises-captain-smit-machchhar-courageous-move-in-flydubai-flight-says-an-indian-prevented-a-911-style-tragedy-40390869.html,2026-10-01T16:49:52+00:00
Jagran,Jagran • Latest News,https://www.jagran.com/latest-news.html,38,"बिहार में बाढ़ का बड़ा संकट, सात जिलों में पौने तीन लाख लोग घिरे; राहत पहुंचाने के लिए CM ने मांगी वायुसेना से मदद",https://www.jagran.com/bihar/patna-city-bihar-flood-crisis-seven-districts-3-lakh-people-stranded-air-force-help-sought-40390930.html,2026-10-01T16:49:52+00:00
Jagran,Jagran • Latest News,https://www.jagran.com/latest-news.html,39,"पाकिस्तान ने अफगानिस्तान पर फिर की एयरस्ट्राइक, हेलमंद में 22 लोगों की मौत",https://www.jagran.com/world/other-pakistan-airstrike-on-afghanistan-many-dead-and-injured-in-helmand-province-news-in-hindi-40390702.html,2026-10-01T16:49:52+00:00
Jagran,Jagran • Latest News,https://www.jagran.com/latest-news.html,40,"पीएम मोदी ने की कैप्टन स्मित मछार के परिवार से बात, कहा- हर संभव मदद करेंगे",https://www.jagran.com/news/national-pm-narendra-modi-spoke-to-flydubai-flight-captain-smit-machchhar-wife-and-mother-father-assured-all-possible-assistance-40390817.html,2026-10-01T16:49:52+00:00
Jagran,Jagran • Latest News,https://www.jagran.com/latest-news.html,41,क्या आप जानते है,https://www.jagran.com/did-you-know/general-news-hindi.html,2026-10-01T16:49:52+00:00
Jagran,Jagran • Latest News,https://www.jagran.com/latest-news.html,42,लाल या सफेद क्यों नहीं होतीं स्कूल बसें? हमेशा पीला रंग होने के पीछे छिपे हैं साइंस से जुड़े दिलचस्प कारण,https://www.jagran.com/lifestyle/lifestyle-news-why-school-buses-not-red-or-white-fascinating-scientific-reasons-behind-their-signature-yellow-colour-40360697.html,2026-10-01T16:49:52+00:00
Jagran,Jagran • Latest News,https://www.jagran.com/latest-news.html,43,चूहों की वजह से कॉपी में शुरू हुआ मार्जिन? मजेदार है पन्नों के किनारों पर खाली जगह छोड़ने की असली कहानी,https://www.jagran.com/lifestyle/lifestyle-news-margins-in-notebooks-originate-because-of-mice-story-behind-empty-space-at-the-edges-of-pages-is-fascinating-40350426.html,2026-10-01T16:49:52+00:00
Jagran,Jagran • Latest News,https://www.jagran.com/latest-news.html,44,जब हाथों से लिखी जाती थीं खबरें! जानिए 400 साल पहले दुनिया का पहला अखबार छपने की दिलचस्प कहानी,https://www.jagran.com/did-you-know/general-when-news-was-written-by-hand-discover-the-fascinating-story-of-the-printing-of-the-worlds-first-newspaper-40336820.html,2026-10-01T16:49:52+00:00
Jagran,Jagran • Latest News,https://www.jagran.com/latest-news.html,45,Advertise with Us,https://www.jagran.com/advertise-withus.html,2026-10-01T16:49:52+00:00
Jagran,Jagran • Latest News,https://www.jagran.com/latest-news.html,46,Submit your news,https://www.jagran.com/citizen-journalism-hindi.html,2026-10-01T16:49:52+00:00
Jagran,Jagran • Latest News,https://www.jagran.com/latest-news.html,47,Message from the Editor,https://www.jagran.com/policies-and-standards.html,2026-10-01T16:49:52+00:00
Zee News Hindi,Zee News Hindi • Latest News,https://zeenews.india.com/hindi/latest-news,1,Zee Hindi News,https://zeenews.india.com/hindi,2026-10-01T16:49:52+00:00
Zee News Hindi,Zee News Hindi • Latest News,https://zeenews.india.com/hindi/latest-news,2,"सूरत में दर्दनाक हादसा: बच्चे के टीवी तोड़ने पर बेकाबू हुआ तनाव, पिता ने की खुदकुशी",https://zeenews.india.com/hindi/india/surat-bhestan-man-suicide-after-child-breaks-tv/3305601,2026-10-01T16:49:52+00:00
Zee News Hindi,Zee News Hindi • Latest News,https://zeenews.india.com/hindi/latest-news,3,पंजाब की 36 लाख महिलाओं को तोहफा: CM मान ने जारी की सम्मान राशि की दूसरी किस्त,https://zeenews.india.com/hindi/india/punjab-cm-bhagwant-mann-transfers-mavan-dhian-satikar-yojana-funds/3305600,2026-10-01T16:49:52+00:00
Zee News Hindi,Zee News Hindi • Latest News,https://zeenews.india.com/hindi/latest-news,4,"बिना सीमेंट जुड़े बने हैं 16 मंदिर, यहां का पानी बताता है मौसम का हाल; जानिए इस...",https://zeenews.india.com/hindi/religion/trinetra-mahadeva-temple-almora-uttarakhand-history-and-weather-mystery/3305598,2026-10-01T16:49:52+00:00
Zee News Hindi,Zee News Hindi • Latest News,https://zeenews.india.com/hindi/latest-news,5,"FSSAI ने 2 फूड कंपनियों पर कसा शिकंजा, लाइसेंस तुरंत सस्पेंड; जानें पूरा मामला",https://zeenews.india.com/hindi/business/fssai-cracks-down-suspends-licences-of-2-food-companies-what-went-wrong/3305583,2026-10-01T16:49:52+00:00
Zee News Hindi,Zee News Hindi • Latest News,https://zeenews.india.com/hindi/latest-news,6,"कॉपीराइट केस में इलैयाराजा को झटका, SC ने HC फैसले में दखल से इनकार",https://zeenews.india.com/hindi/entertainment/bollywood/supreme-court-refuses-to-interfere-with-delhi-hc-ruling-against-ilaiyaraaja-in-en-iniya-pon-nilave-copyright-d/3305575,2026-10-01T16:49:52+00:00
Zee News Hindi,Zee News Hindi • Latest News,https://zeenews.india.com/hindi/latest-news,7,"UPSC में 4 बार फेल, बेच दी किताबें; 5वीं कोशिश में ऐसे प्रिया ने क्रैक की परीक्षा",https://zeenews.india.com/hindi/career/education/success-story-priya-singh-bihar-girl-failed-4-times-sold-her-books-upsc-cse-exam-cracked-5th-attempt/3305570,2026-10-01T16:49:52+00:00
Zee News Hindi,Zee News Hindi • Latest News,https://zeenews.india.com/hindi/latest-news,8,Lock Upp 2 पग्लू : बॉलीवुड की 'मास्टरमाइंड' फराह खान की OTT पर धाक,https://zeenews.india.com/hindi/entertainment/bollywood/farah-khan-calls-lock-upp-2-her-dream-project-says-delivering-content-and-entertaining-is-in-my-blood/3305566,2026-10-01T16:49:52+00:00
Zee News Hindi,Zee News Hindi • Latest News,https://zeenews.india.com/hindi/latest-news,9,"शुक्रवार को पूजा के समय करें राशि अनुसार इन मंत्रों का जाप, दूर होंगे दुख और धन संकट",https://zeenews.india.com/hindi/religion/shukrawar-ke-upay-you-may-chant-these-mantra-on-friday-to-get-rid-of-sorrow-financial-crisis/3305560,2026-10-01T16:49:52+00:00
Zee News Hindi,Zee News Hindi • Latest News,https://zeenews.india.com/hindi/latest-news,10,Galaxy Watch 9 Review: हाथ उठाते ही बोलेगा AI अस्सिटेंट! जानिए खूबियां-कमियां,https://zeenews.india.com/hindi/technology/samsung-galaxy-watch-9-review-is-it-the-ultimate-everyday-smartwatch/3305564,2026-10-01T16:49:52+00:00
Zee News Hindi,Zee News Hindi • Latest News,https://zeenews.india.com/hindi/latest-news,11,ऑफर के चक्कर में खाली होगा खाता: लॉटरी से भारी छूट तक... साइबर ठगों के जाल से सावधान,https://zeenews.india.com/hindi/india/tamilnadu-online-scam-alert-lottery-loan-scholarship-discount-cyber-fraud/3305561,2026-10-01T16:49:52+00:00
Zee News Hindi,Zee News Hindi • Latest News,https://zeenews.india.com/hindi/latest-news,12,14.6 इंच स्क्रीन और 11600mAh की दमदार बैटरी! Samsung Tab S12 Ultra ने मचाया तहलका,https://zeenews.india.com/hindi/technology/samsung-galaxy-tab-s12-ultra-and-tab-s12-plus-launched-in-india-price-specs-and-offers/3305555,2026-10-01T16:49:52+00:00
Zee News Hindi,Zee News Hindi • Latest News,https://zeenews.india.com/hindi/latest-news,13,"न अमेरिका-ईरान के बीच डील हुई, न होर्मुज खुला, फिर भी गिरे कच्चे तेल के दाम",https://zeenews.india.com/hindi/business/crude-oil-price-fall-on-3-week-low-today-1st-october-what-is-the-reason/3305552,2026-10-01T16:49:52+00:00
Zee News Hindi,Zee News Hindi • Latest News,https://zeenews.india.com/hindi/latest-news,14,"'ठंड में चाय पिएंगे, फिर बिखर जाएंगे', BJP के मंत्री का इंडी गठबंधन पर तंज",https://zeenews.india.com/hindi/india/bengal-politics-dilip-ghosh-takes-dig-at-india-bloc/3305548,2026-10-01T16:49:52+00:00
Zee News Hindi,Zee News Hindi • Latest News,https://zeenews.india.com/hindi/latest-news,15,"Pebble ने लॉन्च किया ऐसा Smart Band, जो रखेगा आपकी बॉडी पर 24 घंटे नजर, जानिए कीमत",https://zeenews.india.com/hindi/technology/pebble-qore-ultra-wellness-band-launched-in-india-at-rs-5999-check-features-battery-life-and-availability/3305547,2026-10-01T16:49:52+00:00
Zee News Hindi,Zee News Hindi • Latest News,https://zeenews.india.com/hindi/latest-news,16,"सरकार ने PPF-सुकन्या समृद्धि में निवेश करने वालों को दी खुशखबरी,आज से लागू होगा नियम",https://zeenews.india.com/hindi/business/interest-rates-on-ppf-ssy-and-nsc-remains-unchanged-for-oct-dec/3305545,2026-10-01T16:49:52+00:00
Zee News Hindi,Zee News Hindi • Latest News,https://zeenews.india.com/hindi/latest-news,17,"'हमलावर अल्लाह हू अकबर चिल्लाया, फिर पायलट की तरफ दौड़ा', यात्रियों ने सुनाई दास्तां",https://zeenews.india.com/hindi/world/flydubai-co-pilot-shouted-allahu-akbar-and-rushed-the-pilot-said-passenger/3305542,2026-10-01T16:49:52+00:00
Zee News Hindi,Zee News Hindi • Latest News,https://zeenews.india.com/hindi/latest-news,18,"ऑस्ट्रेलिया का पलटवार: कैरी-मार्श की फिफ्टी से टला सूपड़ा साफ, दक्षिण अफ्रीका हारा",https://zeenews.india.com/hindi/sports/cricket/australia-defeat-south-africa-by-45-runs-via-dls-method-in-rain-affected-3rd-odi-avoid-series-sweep/3305537,2026-10-01T16:49:52+00:00
Zee News Hindi,Zee News Hindi • Latest News,https://zeenews.india.com/hindi/latest-news,19,थाली में परोसा जा रहा है Slow Poison! इस हिंदुस्तानी बच्चे के गैजेट ने खोली पोल,https://zeenews.india.com/hindi/technology/14-year-old-indian-origin-boy-builds-ai-pocket-device-pestiscand-to-detect-pesticides-on-veggies/3305536,2026-10-01T16:49:52+00:00
Zee News Hindi,Zee News Hindi • Latest News,https://zeenews.india.com/hindi/latest-news,20,"मुंबई में महिला Rapido ड्राइवर संग सवारी कर गदगद हुई पैसेंजर, Video में सुनाया...",https://zeenews.india.com/hindi/off-beat/mumbai-woman-rapido-driver-safe-ride-ruchika-rajput-viral-video-female-bike-taxi-driver/3305526,2026-10-01T16:49:52+00:00
Zee News Hindi,Zee News Hindi • Latest News,https://zeenews.india.com/hindi/latest-news,21,"Asian Games 2026 Highlights: भारत के खाते में अब तक 10 सोना सहित 66 मेडल, 3 बड़े गोल्ड मेडल मैच में अग्निपरीक्षा",https://zeenews.india.com/hindi/sports/live-updates/asian-games-2026-live-updates-india-medal-tally-archery-hockey-cricket-aichi-nagoya-japan-latest-news/3305521,2026-10-01T16:49:52+00:00
Zee News Hindi,Zee News Hindi • Latest News,https://zeenews.india.com/hindi/latest-news,22,"10 साल बाद बड़ा फैसला, बॉम्बे HC ने राहुल राज सिंह को किया डिस्चार्ज",https://zeenews.india.com/hindi/entertainment/bollywood/pratyusha-banerjee-case-rahul-raj-singh-discharged-bombay-high-court-after-10-years/3305505,2026-10-01T16:49:52+00:00
Zee News Hindi,Zee News Hindi • Latest News,https://zeenews.india.com/hindi/latest-news,23,"भारत में लगातार तीसरे वनडे में शतक, रिकॉर्ड बुक में दर्ज हुआ शुभमन गिल का नाम",https://zeenews.india.com/hindi/sports/cricket/shubman-gill-name-enters-the-record-books-after-scoring-a-century-in-his-third-consecutive-odi-in-india/3305501,2026-10-01T16:49:52+00:00
Zee News Hindi,Zee News Hindi • Latest News,https://zeenews.india.com/hindi/latest-news,24,"लाल किला ब्लास्ट मामले में 11 आरोपियों की न्यायिक हिरासत बढ़ी, 21 नवंबर को सुनवाई",https://zeenews.india.com/hindi/india/delhi-ncr-haryana/delhi-ncr/delhi-red-fort-blast-nia-court-judicial-custody-accused-hearing-november/3305599,2026-10-01T16:49:52+00:00
Zee News Hindi,Zee News Hindi • Latest News,https://zeenews.india.com/hindi/latest-news,25,"Amazon-Apple का अफसर बनकर ठग रहे थे, दिल्ली में फर्जी कॉल सेंटर का भंडाफोड़",https://zeenews.india.com/hindi/india/delhi-ncr-haryana/delhi-ncr/delhi-dwarka-fake-international-call-center-amazon-apple-five-accused-arrested/3305596,2026-10-01T16:49:52+00:00
Amar Ujala,Amar Ujala • India News,https://www.amarujala.com/india-news,1,शहर और राज्य,https://www.amarujala.com/city-and-states,2026-10-01T16:49:52+00:00
Amar Ujala,Amar Ujala • India News,https://www.amarujala.com/india-news,2,बंगाल में दुर्गा पूजा में करोड़ों की हेराफेरी,https://www.amarujala.com/india-news/west-bengal-durga-puja-financial-irregularities-ed-raids-15-locations-indranil-sen-mamata-banerjee-transfer-2026-10-01,2026-10-01T16:49:52+00:00
Amar Ujala,Amar Ujala • India News,https://www.amarujala.com/india-news,3,डॉक्टरों पर हिंसा को लेकर सुप्रीम कोर्ट सख्त,https://www.amarujala.com/india-news/supreme-court-on-doctor-violence-how-can-doctors-treat-patients-under-fear-court-issues-safety-directions-2026-10-01,2026-10-01T16:49:52+00:00
Amar Ujala,Amar Ujala • India News,https://www.amarujala.com/india-news,4,फ्लाईदुबई मामले के बाद एयरपोर्ट सुरक्षा में बड़ा बदलाव,https://www.amarujala.com/india-news/flydubai-incident-triggers-airport-security-review-full-body-scanners-to-be-installed-for-enhanced-screening-2026-10-01,2026-10-01T16:49:52+00:00
Amar Ujala,Amar Ujala • India News,https://www.amarujala.com/india-news,5,यूपी में भाजपा सरकार को रोकने की तैयारी,https://www.amarujala.com/india-news/asaduddin-owaisi-aimim-open-for-alliance-in-uttar-pradesh-to-stop-bjp-third-term-2026-10-01,2026-10-01T16:49:52+00:00
Amar Ujala,Amar Ujala • India News,https://www.amarujala.com/india-news,6,'कानून से ऊपर कोई नहीं',https://www.amarujala.com/india-news/supreme-court-doctors-attack-elected-representatives-rule-of-law-2026-10-01,2026-10-01T16:49:52+00:00
Amar Ujala,Amar Ujala • India News,https://www.amarujala.com/india-news,7,पढ़ें 1 अक्टूबर के मुख्य और ताजा समाचार - लाइव ब्रेकिंग न्यूज,https://www.amarujala.com/live/india-news/latest-and-breaking-news-today-in-hindi-live-2026-10-01,2026-10-01T16:49:52+00:00
Amar Ujala,Amar Ujala • India News,https://www.amarujala.com/india-news,8,"'भाजपा जाएगी': ममता बोलीं- 2029 का इंतजार न करे, खेल शुरू हो गया है; टीएमसी नेताओं पर हुए हमलों पर क्या कहा?",https://www.amarujala.com/india-news/mamata-banerjee-allegation-crowd-gathers-outside-her-house-daily-targets-tmc-leaders-slams-bengal-govrnment-2026-10-01,2026-10-01T16:49:52+00:00
Amar Ujala,Amar Ujala • India News,https://www.amarujala.com/india-news,9,"महाराष्ट्र: पिकनिक मनाने गए 8 छात्रों की समुद्र में डूबने से मौत; पुणे की कोचिंग से आए थे, सभी के शव मिले",https://www.amarujala.com/india-news/eight-students-drown-at-diveagar-beach-in-maharashtra-s-raigad-district-2026-10-01,2026-10-01T16:49:52+00:00
Amar Ujala,Amar Ujala • India News,https://www.amarujala.com/india-news,10,ओडिशा: एसआईआर विवाद के बीच मुख्य निर्वाचन अधिकारी आरएस गोपालन ने क्योंं लिया वीआरएस? विपक्ष ने उठाए सवाल,https://www.amarujala.com/india-news/odisha-ceo-rs-gopalan-takes-vrs-ahead-of-retirement-refutes-sir-voter-list-controversy-2026-10-01,2026-10-01T16:49:52+00:00
Amar Ujala,Amar Ujala • India News,https://www.amarujala.com/india-news,11,"कर्नाटक: विधायकों संग धरने पर बैठे सीएम शिवकुमार, मुख्य निर्वाचन अधिकारी के खिलाफ एफआईआर की मांग; ये आरोप लगाए",https://www.amarujala.com/india-news/karnataka-cm-dk-shivakumar-protest-outside-ceo-office-voter-list-sir-fir-demand-2026-10-01,2026-10-01T16:49:52+00:00
Amar Ujala,Amar Ujala • India News,https://www.amarujala.com/india-news,12,"राहुल गांधी ने ज्ञानेश कुमार और भाजपा को घेरा: फॉर्म-7 के जरिए 15000 वोटर हटाने का लगाया आरोप, क्या सवाल उठाए?",https://www.amarujala.com/india-news/rahul-gandhi-big-claim-on-form-7-allegation-of-attempt-to-delete-names-of-15000-voters-in-belagavi-2026-10-01,2026-10-01T16:49:52+00:00
Amar Ujala,Amar Ujala • India News,https://www.amarujala.com/india-news,13,"ब्रह्मोस से भारत की रक्षा ताकत को नई उड़ान: 600 मिलियन डॉलर पार होगा निर्यात, इंडोनेशिया-वियतनाम भी खरीदेंगे",https://www.amarujala.com/world/brahmos-boosts-india-s-defence-power-exports-to-cross-600-million-indonesia-vietnam-to-buy-missile-system-2026-10-01,2026-10-01T16:49:52+00:00
Amar Ujala,Amar Ujala • India News,https://www.amarujala.com/india-news,14,"‘वैनिश कुमार ने छीना वोट का अधिकार': ममता बनर्जी ने सीईसी ज्ञानेश कुमार पर कसा तंज, कहा- जनता नहीं करेगी माफ",https://www.amarujala.com/india-news/mamata-banerjee-takes-a-dig-at-cec-gyanesh-kumar-says-vanish-kumar-snatched-away-right-to-vote-2026-10-01,2026-10-01T16:49:52+00:00
Amar Ujala,Amar Ujala • India News,https://www.amarujala.com/india-news,15,"अधीर का दीदी को ऑफर: बचे विधायकों-सांसदों संग कांग्रेस में लौटें ममता, जानें बंगाल टीएमसी को लेकर क्या कहा?",https://www.amarujala.com/india-news/adhir-offer-mamata-should-return-congress-remaining-mlas-and-mps-find-out-what-he-said-about-the-bengal-tmc-2026-10-01,2026-10-01T16:49:52+00:00
Amar Ujala,Amar Ujala • India News,https://www.amarujala.com/india-news,16,"चेन्नई: चार कर्मचारियों की कंपनी, वेतन के नाम पर बांटे 390 करोड़; 100+ बैंक खातों से किया खेल, क्या है मामला?",https://www.amarujala.com/india-news/ed-chennai-unearths-1417-crore-investment-fraud-unique-exports-two-arrested-2026-10-01,2026-10-01T16:49:52+00:00
Amar Ujala,Amar Ujala • India News,https://www.amarujala.com/india-news,17,स्वर्ण से एक कदम दूर भारत: अंतिम 49 सेकेंड में किस तरह ली बढ़त? अभिषेक का गोल बना निर्णायक; पाकिस्तान को हराया,https://www.amarujala.com/sports/hockey/india-vs-pakistan-hockey-live-score-asian-games-2026-semi-finals-ind-vs-pak-hockey-match-today-result-2026-10-01,2026-10-01T16:49:52+00:00
Amar Ujala,Amar Ujala • India News,https://www.amarujala.com/india-news,18,"कैसे हुई प्रेमानंद महाराज के शिष्य की मौत?: दो घंटे बाद पुलिस को क्यों मिली थी सूचना, पुलिस के सामने नए सवाल",https://www.amarujala.com/uttar-pradesh/agra/how-did-premanand-maharaj-disciple-die-why-police-informed-after-two-hours-new-questions-arise-in-vrindavan-2026-10-01,2026-10-01T16:49:52+00:00
Amar Ujala,Amar Ujala • India News,https://www.amarujala.com/india-news,19,भारत ने श्रीलंका को हराया,https://www.amarujala.com/cricket/asian-games-2026-india-set-records-in-dominant-win-sri-lanka-register-multiple-t20i-lows-2026-10-01,2026-10-01T16:49:52+00:00
Amar Ujala,Amar Ujala • India News,https://www.amarujala.com/india-news,20,"भारतीय कैप्टन स्मित मच्छार की हालत कैसी?: इलाज के लिए दुबई किया गया एयरलिफ्ट, यूएई करेगा घटना की जांच",https://www.amarujala.com/world/indian-captain-smit-machchhar-condition-airlifted-to-dubai-for-treatment-as-uae-investigates-flydubai-incident-2026-10-01,2026-10-01T16:49:52+00:00
Amar Ujala,Amar Ujala • India News,https://www.amarujala.com/india-news,21,Jammu And Kashmir,https://www.amarujala.com/jammu-and-kashmir,2026-10-01T16:49:52+00:00
Amar Ujala,Amar Ujala • India News,https://www.amarujala.com/india-news,22,Income Tax Calculator,https://www.amarujala.com/income-tax-calculator,2026-10-01T16:49:52+00:00
Amar Ujala,Amar Ujala • India News,https://www.amarujala.com/india-news,23,Cricket Live Score,https://www.amarujala.com/cricket/cricket-scorecards,2026-10-01T16:49:52+00:00
Amar Ujala,Amar Ujala • India News,https://www.amarujala.com/india-news,24,UP Board Result,https://www.amarujala.com/results/up-board,2026-10-01T16:49:52+00:00
Amar Ujala,Amar Ujala • India News,https://www.amarujala.com/india-news,25,HP Board Result,https://www.amarujala.com/results/hpbose,2026-10-01T16:49:52+00:00
Amar Ujala,Amar Ujala • India News,https://www.amarujala.com/india-news,26,UK Board Result,https://www.amarujala.com/results/uttarakhand-board,2026-10-01T16:49:52+00:00
Amar Ujala,Amar Ujala • India News,https://www.amarujala.com/india-news,27,Advertise with us,https://www.amarujala.com/advertise-with-us,2026-10-01T16:49:52+00:00
Amar Ujala,Amar Ujala • India News,https://www.amarujala.com/india-news,28,Products and Services,https://www.amarujala.com/products-and-services,2026-10-01T16:49:52+00:00
Amar Ujala,Amar Ujala • India News,https://www.amarujala.com/india-news,29,अपने सुझाव हमारे साथ साझा करें,https://www.amarujala.com/aup-survey,2026-10-01T16:49:52+00:00
Amar Ujala,Amar Ujala • India News,https://www.amarujala.com/india-news,30,एप में पढ़ें,https://www.amarujala.com/channels/amp_downloads,2026-10-01T16:49:52+00:00
